index,unit1_mask,unit1_beam_index
1,./resources/mobilenet_mask/image_BS1_3334_03_27_04.jpg,14
2,./resources/mobilenet_mask/image_BS1_7865_03_36_45.jpg,55
3,./resources/mobilenet_mask/image_BS1_668_03_21_23.jpg,52
4,./resources/mobilenet_mask/image_BS1_6242_03_33_17.jpg,48
5,./resources/mobilenet_mask/image_BS1_1035_03_22_11.jpg,27
6,./resources/mobilenet_mask/image_BS1_2285_03_24_50.jpg,29
7,./resources/mobilenet_mask/image_BS1_4365_03_29_16.jpg,51
8,./resources/mobilenet_mask/image_BS1_7837_03_36_41.jpg,29
9,./resources/mobilenet_mask/image_BS1_571_03_21_11.jpg,3
10,./resources/mobilenet_mask/image_BS1_9264_03_39_47.jpg,59
11,./resources/mobilenet_mask/image_BS1_7838_03_36_41.jpg,29
13,./resources/mobilenet_mask/image_BS1_2037_03_24_19.jpg,39
14,./resources/mobilenet_mask/image_BS1_6549_03_33_56.jpg,55
15,./resources/mobilenet_mask/image_BS1_9897_03_41_09.jpg,27
16,./resources/mobilenet_mask/image_BS1_5360_03_31_23.jpg,26
17,./resources/mobilenet_mask/image_BS1_5906_03_32_33.jpg,14
18,./resources/mobilenet_mask/image_BS1_6476_03_33_47.jpg,11
19,./resources/mobilenet_mask/image_BS1_8109_03_37_16.jpg,17
20,./resources/mobilenet_mask/image_BS1_2819_03_25_58.jpg,52
21,./resources/mobilenet_mask/image_BS1_4826_03_30_15.jpg,26
23,./resources/mobilenet_mask/image_BS1_8088_03_37_13.jpg,38
24,./resources/mobilenet_mask/image_BS1_8614_03_38_22.jpg,37
25,./resources/mobilenet_mask/image_BS1_2027_03_24_17.jpg,26
26,./resources/mobilenet_mask/image_BS1_2845_03_26_02.jpg,33
27,./resources/mobilenet_mask/image_BS1_3634_03_27_43.jpg,37
28,./resources/mobilenet_mask/image_BS1_4801_03_30_12.jpg,11
29,./resources/mobilenet_mask/image_BS1_6536_03_33_54.jpg,48
30,./resources/mobilenet_mask/image_BS1_362_03_20_44.jpg,3
31,./resources/mobilenet_mask/image_BS1_2848_03_26_02.jpg,31
33,./resources/mobilenet_mask/image_BS1_9542_03_40_23.jpg,58
34,./resources/mobilenet_mask/image_BS1_3387_03_27_11.jpg,52
35,./resources/mobilenet_mask/image_BS1_2525_03_25_21.jpg,11
36,./resources/mobilenet_mask/image_BS1_8605_03_38_21.jpg,29
37,./resources/mobilenet_mask/image_BS1_290_03_20_35.jpg,46
38,./resources/mobilenet_mask/image_BS1_305_03_20_37.jpg,39
39,./resources/mobilenet_mask/image_BS1_3918_03_28_19.jpg,47
40,./resources/mobilenet_mask/image_BS1_671_03_21_23.jpg,54
41,./resources/mobilenet_mask/image_BS1_8623_03_38_23.jpg,44
42,./resources/mobilenet_mask/image_BS1_3381_03_27_10.jpg,49
43,./resources/mobilenet_mask/image_BS1_8593_03_38_19.jpg,17
44,./resources/mobilenet_mask/image_BS1_3382_03_27_11.jpg,49
45,./resources/mobilenet_mask/image_BS1_6804_03_34_29.jpg,57
46,./resources/mobilenet_mask/image_BS1_4075_03_28_39.jpg,57
47,./resources/mobilenet_mask/image_BS1_6544_03_33_55.jpg,51
48,./resources/mobilenet_mask/image_BS1_6526_03_33_53.jpg,42
49,./resources/mobilenet_mask/image_BS1_9484_03_40_15.jpg,14
50,./resources/mobilenet_mask/image_BS1_5110_03_30_52.jpg,47
51,./resources/mobilenet_mask/image_BS1_4363_03_29_16.jpg,48
52,./resources/mobilenet_mask/image_BS1_5337_03_31_20.jpg,4
55,./resources/mobilenet_mask/image_BS1_8633_03_38_24.jpg,54
56,./resources/mobilenet_mask/image_BS1_4074_03_28_39.jpg,57
57,./resources/mobilenet_mask/image_BS1_4592_03_29_45.jpg,48
58,./resources/mobilenet_mask/image_BS1_639_03_21_19.jpg,34
59,./resources/mobilenet_mask/image_BS1_8617_03_38_22.jpg,39
61,./resources/mobilenet_mask/image_BS1_3903_03_28_17.jpg,34
62,./resources/mobilenet_mask/image_BS1_594_03_21_14.jpg,14
63,./resources/mobilenet_mask/image_BS1_2816_03_25_58.jpg,55
64,./resources/mobilenet_mask/image_BS1_6250_03_33_18.jpg,39
65,./resources/mobilenet_mask/image_BS1_4895_03_30_24.jpg,55
66,./resources/mobilenet_mask/image_BS1_4609_03_29_47.jpg,39
67,./resources/mobilenet_mask/image_BS1_8624_03_38_23.jpg,45
68,./resources/mobilenet_mask/image_BS1_5355_03_31_23.jpg,21
69,./resources/mobilenet_mask/image_BS1_3629_03_27_42.jpg,39
70,./resources/mobilenet_mask/image_BS1_2811_03_25_57.jpg,57
72,./resources/mobilenet_mask/image_BS1_5097_03_30_50.jpg,56
73,./resources/mobilenet_mask/image_BS1_3357_03_27_07.jpg,34
74,./resources/mobilenet_mask/image_BS1_2269_03_24_48.jpg,45
75,./resources/mobilenet_mask/image_BS1_7417_03_35_47.jpg,43
76,./resources/mobilenet_mask/image_BS1_5889_03_32_31.jpg,3
77,./resources/mobilenet_mask/image_BS1_1301_03_22_45.jpg,43
80,./resources/mobilenet_mask/image_BS1_5395_03_31_28.jpg,59
82,./resources/mobilenet_mask/image_BS1_4836_03_30_17.jpg,29
83,./resources/mobilenet_mask/image_BS1_5154_03_30_57.jpg,11
85,./resources/mobilenet_mask/image_BS1_9495_03_40_17.jpg,21
86,./resources/mobilenet_mask/image_BS1_2049_03_24_20.jpg,53
87,./resources/mobilenet_mask/image_BS1_6505_03_33_50.jpg,29
88,./resources/mobilenet_mask/image_BS1_2576_03_25_27.jpg,33
89,./resources/mobilenet_mask/image_BS1_8577_03_38_17.jpg,4
90,./resources/mobilenet_mask/image_BS1_8055_03_37_09.jpg,55
91,./resources/mobilenet_mask/image_BS1_317_03_20_38.jpg,34
92,./resources/mobilenet_mask/image_BS1_3605_03_27_39.jpg,58
93,./resources/mobilenet_mask/image_BS1_4343_03_29_13.jpg,30
94,./resources/mobilenet_mask/image_BS1_2262_03_24_47.jpg,51
95,./resources/mobilenet_mask/image_BS1_2277_03_24_49.jpg,37
96,./resources/mobilenet_mask/image_BS1_8089_03_37_14.jpg,37
97,./resources/mobilenet_mask/image_BS1_4588_03_29_45.jpg,52
98,./resources/mobilenet_mask/image_BS1_3900_03_28_17.jpg,31
99,./resources/mobilenet_mask/image_BS1_6488_03_33_48.jpg,17
100,./resources/mobilenet_mask/image_BS1_2047_03_24_20.jpg,52
101,./resources/mobilenet_mask/image_BS1_5899_03_32_33.jpg,9
102,./resources/mobilenet_mask/image_BS1_2866_03_26_04.jpg,21
103,./resources/mobilenet_mask/image_BS1_5123_03_30_53.jpg,38
105,./resources/mobilenet_mask/image_BS1_8064_03_37_10.jpg,52
106,./resources/mobilenet_mask/image_BS1_7412_03_35_47.jpg,48
107,./resources/mobilenet_mask/image_BS1_3651_03_27_45.jpg,22
108,./resources/mobilenet_mask/image_BS1_6827_03_34_32.jpg,38
109,./resources/mobilenet_mask/image_BS1_6831_03_34_32.jpg,32
110,./resources/mobilenet_mask/image_BS1_6816_03_34_30.jpg,48
112,./resources/mobilenet_mask/image_BS1_1000_03_22_06.jpg,51
114,./resources/mobilenet_mask/image_BS1_7410_03_35_46.jpg,49
115,./resources/mobilenet_mask/image_BS1_2286_03_24_50.jpg,29
116,./resources/mobilenet_mask/image_BS1_358_03_20_44.jpg,4
117,./resources/mobilenet_mask/image_BS1_6515_03_33_52.jpg,34
118,./resources/mobilenet_mask/image_BS1_8127_03_37_18.jpg,3
120,./resources/mobilenet_mask/image_BS1_2025_03_24_17.jpg,23
121,./resources/mobilenet_mask/image_BS1_2523_03_25_21.jpg,11
122,./resources/mobilenet_mask/image_BS1_9531_03_40_21.jpg,49
123,./resources/mobilenet_mask/image_BS1_3339_03_27_05.jpg,17
124,./resources/mobilenet_mask/image_BS1_7833_03_36_41.jpg,23
125,./resources/mobilenet_mask/image_BS1_4360_03_29_15.jpg,48
126,./resources/mobilenet_mask/image_BS1_2031_03_24_18.jpg,31
127,./resources/mobilenet_mask/image_BS1_2057_03_24_21.jpg,60
128,./resources/mobilenet_mask/image_BS1_7832_03_36_41.jpg,23
129,./resources/mobilenet_mask/image_BS1_648_03_21_21.jpg,39
130,./resources/mobilenet_mask/image_BS1_6266_03_33_20.jpg,24
131,./resources/mobilenet_mask/image_BS1_6535_03_33_54.jpg,48
132,./resources/mobilenet_mask/image_BS1_2033_03_24_18.jpg,34
134,./resources/mobilenet_mask/image_BS1_2278_03_24_49.jpg,37
135,./resources/mobilenet_mask/image_BS1_9516_03_40_19.jpg,38
136,./resources/mobilenet_mask/image_BS1_2288_03_24_51.jpg,26
137,./resources/mobilenet_mask/image_BS1_1302_03_22_45.jpg,46
138,./resources/mobilenet_mask/image_BS1_6516_03_33_52.jpg,37
139,./resources/mobilenet_mask/image_BS1_2040_03_24_19.jpg,43
140,./resources/mobilenet_mask/image_BS1_6234_03_33_16.jpg,52
141,./resources/mobilenet_mask/image_BS1_5111_03_30_52.jpg,45
142,./resources/mobilenet_mask/image_BS1_2841_03_26_01.jpg,37
143,./resources/mobilenet_mask/image_BS1_4346_03_29_14.jpg,34
144,./resources/mobilenet_mask/image_BS1_1043_03_22_12.jpg,21
145,./resources/mobilenet_mask/image_BS1_6852_03_34_35.jpg,8
146,./resources/mobilenet_mask/image_BS1_6494_03_33_49.jpg,22
147,./resources/mobilenet_mask/image_BS1_656_03_21_22.jpg,44
148,./resources/mobilenet_mask/image_BS1_3882_03_28_14.jpg,17
149,./resources/mobilenet_mask/image_BS1_5094_03_30_49.jpg,58
151,./resources/mobilenet_mask/image_BS1_5368_03_31_25.jpg,34
152,./resources/mobilenet_mask/image_BS1_3907_03_28_17.jpg,38
153,./resources/mobilenet_mask/image_BS1_4325_03_29_11.jpg,12
154,./resources/mobilenet_mask/image_BS1_1319_03_22_47.jpg,59
155,./resources/mobilenet_mask/image_BS1_4844_03_30_18.jpg,33
156,./resources/mobilenet_mask/image_BS1_3917_03_28_19.jpg,46
157,./resources/mobilenet_mask/image_BS1_6478_03_33_47.jpg,11
158,./resources/mobilenet_mask/image_BS1_332_03_20_40.jpg,25
159,./resources/mobilenet_mask/image_BS1_3864_03_28_12.jpg,2
161,./resources/mobilenet_mask/image_BS1_3908_03_28_18.jpg,39
162,./resources/mobilenet_mask/image_BS1_8128_03_37_19.jpg,2
163,./resources/mobilenet_mask/image_BS1_4813_03_30_14.jpg,20
165,./resources/mobilenet_mask/image_BS1_7820_03_36_39.jpg,13
166,./resources/mobilenet_mask/image_BS1_3672_03_27_47.jpg,3
167,./resources/mobilenet_mask/image_BS1_6799_03_34_28.jpg,60
168,./resources/mobilenet_mask/image_BS1_3348_03_27_06.jpg,26
169,./resources/mobilenet_mask/image_BS1_8111_03_37_16.jpg,16
170,./resources/mobilenet_mask/image_BS1_9522_03_40_20.jpg,43
171,./resources/mobilenet_mask/image_BS1_3914_03_28_18.jpg,46
172,./resources/mobilenet_mask/image_BS1_617_03_21_17.jpg,22
173,./resources/mobilenet_mask/image_BS1_6477_03_33_47.jpg,11
174,./resources/mobilenet_mask/image_BS1_9479_03_40_15.jpg,11
175,./resources/mobilenet_mask/image_BS1_6843_03_34_34.jpg,19
176,./resources/mobilenet_mask/image_BS1_4584_03_29_44.jpg,55
177,./resources/mobilenet_mask/image_BS1_8097_03_37_15.jpg,29
178,./resources/mobilenet_mask/image_BS1_5133_03_30_54.jpg,27
179,./resources/mobilenet_mask/image_BS1_2303_03_24_53.jpg,11
181,./resources/mobilenet_mask/image_BS1_312_03_20_38.jpg,37
182,./resources/mobilenet_mask/image_BS1_8080_03_37_12.jpg,42
185,./resources/mobilenet_mask/image_BS1_5336_03_31_20.jpg,4
186,./resources/mobilenet_mask/image_BS1_1012_03_22_08.jpg,43
187,./resources/mobilenet_mask/image_BS1_6542_03_33_55.jpg,51
188,./resources/mobilenet_mask/image_BS1_6810_03_34_29.jpg,51
189,./resources/mobilenet_mask/image_BS1_329_03_20_40.jpg,26
190,./resources/mobilenet_mask/image_BS1_6520_03_33_52.jpg,39
191,./resources/mobilenet_mask/image_BS1_6832_03_34_32.jpg,33
192,./resources/mobilenet_mask/image_BS1_9303_03_39_52.jpg,14
193,./resources/mobilenet_mask/image_BS1_2291_03_24_51.jpg,22
194,./resources/mobilenet_mask/image_BS1_1004_03_22_07.jpg,48
195,./resources/mobilenet_mask/image_BS1_5357_03_31_23.jpg,22
196,./resources/mobilenet_mask/image_BS1_678_03_21_24.jpg,57
197,./resources/mobilenet_mask/image_BS1_4604_03_29_47.jpg,39
198,./resources/mobilenet_mask/image_BS1_2052_03_24_21.jpg,55
199,./resources/mobilenet_mask/image_BS1_6537_03_33_54.jpg,49
200,./resources/mobilenet_mask/image_BS1_1056_03_22_13.jpg,11
201,./resources/mobilenet_mask/image_BS1_2023_03_24_17.jpg,21
202,./resources/mobilenet_mask/image_BS1_6277_03_33_21.jpg,14
204,./resources/mobilenet_mask/image_BS1_6808_03_34_29.jpg,55
205,./resources/mobilenet_mask/image_BS1_6833_03_34_32.jpg,29
206,./resources/mobilenet_mask/image_BS1_331_03_20_40.jpg,24
207,./resources/mobilenet_mask/image_BS1_6473_03_33_46.jpg,7
208,./resources/mobilenet_mask/image_BS1_5091_03_30_49.jpg,56
209,./resources/mobilenet_mask/image_BS1_7416_03_35_47.jpg,43
210,./resources/mobilenet_mask/image_BS1_6514_03_33_52.jpg,34
211,./resources/mobilenet_mask/image_BS1_1277_03_22_42.jpg,19
212,./resources/mobilenet_mask/image_BS1_7834_03_36_41.jpg,26
213,./resources/mobilenet_mask/image_BS1_2268_03_24_48.jpg,45
214,./resources/mobilenet_mask/image_BS1_1060_03_22_14.jpg,11
215,./resources/mobilenet_mask/image_BS1_6467_03_33_46.jpg,3
216,./resources/mobilenet_mask/image_BS1_4893_03_30_24.jpg,55
217,./resources/mobilenet_mask/image_BS1_9874_03_41_06.jpg,46
218,./resources/mobilenet_mask/image_BS1_3929_03_28_20.jpg,59
219,./resources/mobilenet_mask/image_BS1_5151_03_30_57.jpg,13
220,./resources/mobilenet_mask/image_BS1_7810_03_36_38.jpg,3
221,./resources/mobilenet_mask/image_BS1_4329_03_29_11.jpg,17
223,./resources/mobilenet_mask/image_BS1_6848_03_34_34.jpg,14
224,./resources/mobilenet_mask/image_BS1_2550_03_25_24.jpg,21
225,./resources/mobilenet_mask/image_BS1_1303_03_22_45.jpg,44
226,./resources/mobilenet_mask/image_BS1_346_03_20_42.jpg,14
228,./resources/mobilenet_mask/image_BS1_9855_03_41_03.jpg,55
229,./resources/mobilenet_mask/image_BS1_633_03_21_19.jpg,29
230,./resources/mobilenet_mask/image_BS1_2524_03_25_21.jpg,8
231,./resources/mobilenet_mask/image_BS1_335_03_20_40.jpg,22
232,./resources/mobilenet_mask/image_BS1_1256_03_22_39.jpg,2
233,./resources/mobilenet_mask/image_BS1_569_03_21_10.jpg,2
234,./resources/mobilenet_mask/image_BS1_4338_03_29_12.jpg,26
236,./resources/mobilenet_mask/image_BS1_4076_03_28_39.jpg,56
237,./resources/mobilenet_mask/image_BS1_5382_03_31_26.jpg,48
238,./resources/mobilenet_mask/image_BS1_9508_03_40_18.jpg,32
239,./resources/mobilenet_mask/image_BS1_3909_03_28_18.jpg,39
240,./resources/mobilenet_mask/image_BS1_3335_03_27_05.jpg,14
241,./resources/mobilenet_mask/image_BS1_992_03_22_05.jpg,55
242,./resources/mobilenet_mask/image_BS1_9894_03_41_08.jpg,29
243,./resources/mobilenet_mask/image_BS1_309_03_20_37.jpg,38
244,./resources/mobilenet_mask/image_BS1_2559_03_25_25.jpg,26
245,./resources/mobilenet_mask/image_BS1_5957_03_32_40.jpg,58
246,./resources/mobilenet_mask/image_BS1_2843_03_26_02.jpg,34
247,./resources/mobilenet_mask/image_BS1_8112_03_37_16.jpg,14
248,./resources/mobilenet_mask/image_BS1_1267_03_22_40.jpg,11
249,./resources/mobilenet_mask/image_BS1_4576_03_29_43.jpg,58
250,./resources/mobilenet_mask/image_BS1_1007_03_22_07.jpg,47
251,./resources/mobilenet_mask/image_BS1_7814_03_36_38.jpg,6
252,./resources/mobilenet_mask/image_BS1_2043_03_24_19.jpg,47
253,./resources/mobilenet_mask/image_BS1_1285_03_22_43.jpg,27
254,./resources/mobilenet_mask/image_BS1_9853_03_41_03.jpg,55
255,./resources/mobilenet_mask/image_BS1_6858_03_34_36.jpg,6
256,./resources/mobilenet_mask/image_BS1_8068_03_37_11.jpg,49
258,./resources/mobilenet_mask/image_BS1_5137_03_30_55.jpg,23
259,./resources/mobilenet_mask/image_BS1_6253_03_33_18.jpg,37
260,./resources/mobilenet_mask/image_BS1_278_03_20_33.jpg,51
261,./resources/mobilenet_mask/image_BS1_9289_03_39_50.jpg,29
263,./resources/mobilenet_mask/image_BS1_4379_03_29_18.jpg,59
264,./resources/mobilenet_mask/image_BS1_3648_03_27_44.jpg,23
265,./resources/mobilenet_mask/image_BS1_3659_03_27_46.jpg,14
266,./resources/mobilenet_mask/image_BS1_338_03_20_41.jpg,20
267,./resources/mobilenet_mask/image_BS1_7861_03_36_44.jpg,52
268,./resources/mobilenet_mask/image_BS1_2549_03_25_24.jpg,21
269,./resources/mobilenet_mask/image_BS1_8046_03_37_08.jpg,59
271,./resources/mobilenet_mask/image_BS1_4089_03_28_41.jpg,47
272,./resources/mobilenet_mask/image_BS1_628_03_21_18.jpg,27
274,./resources/mobilenet_mask/image_BS1_5927_03_32_36.jpg,34
275,./resources/mobilenet_mask/image_BS1_4610_03_29_48.jpg,37
277,./resources/mobilenet_mask/image_BS1_5947_03_32_39.jpg,51
278,./resources/mobilenet_mask/image_BS1_2522_03_25_21.jpg,7
279,./resources/mobilenet_mask/image_BS1_9293_03_39_51.jpg,23
280,./resources/mobilenet_mask/image_BS1_5890_03_32_31.jpg,4
281,./resources/mobilenet_mask/image_BS1_4090_03_28_41.jpg,46
282,./resources/mobilenet_mask/image_BS1_3656_03_27_45.jpg,17
283,./resources/mobilenet_mask/image_BS1_9918_03_41_11.jpg,8
284,./resources/mobilenet_mask/image_BS1_6853_03_34_35.jpg,9
285,./resources/mobilenet_mask/image_BS1_983_03_22_04.jpg,59
286,./resources/mobilenet_mask/image_BS1_595_03_21_14.jpg,13
287,./resources/mobilenet_mask/image_BS1_285_03_20_34.jpg,49
289,./resources/mobilenet_mask/image_BS1_4804_03_30_12.jpg,14
290,./resources/mobilenet_mask/image_BS1_3360_03_27_08.jpg,37
291,./resources/mobilenet_mask/image_BS1_5944_03_32_38.jpg,49
292,./resources/mobilenet_mask/image_BS1_652_03_21_21.jpg,42
293,./resources/mobilenet_mask/image_BS1_1042_03_22_11.jpg,20
294,./resources/mobilenet_mask/image_BS1_9272_03_39_48.jpg,48
295,./resources/mobilenet_mask/image_BS1_4372_03_29_17.jpg,56
296,./resources/mobilenet_mask/image_BS1_6260_03_33_19.jpg,33
298,./resources/mobilenet_mask/image_BS1_2284_03_24_50.jpg,29
299,./resources/mobilenet_mask/image_BS1_588_03_21_13.jpg,11
300,./resources/mobilenet_mask/image_BS1_2820_03_25_59.jpg,51
301,./resources/mobilenet_mask/image_BS1_985_03_22_04.jpg,59
302,./resources/mobilenet_mask/image_BS1_6240_03_33_16.jpg,46
303,./resources/mobilenet_mask/image_BS1_4577_03_29_43.jpg,57
304,./resources/mobilenet_mask/image_BS1_5375_03_31_25.jpg,42
305,./resources/mobilenet_mask/image_BS1_9314_03_39_53.jpg,4
306,./resources/mobilenet_mask/image_BS1_637_03_21_19.jpg,33
307,./resources/mobilenet_mask/image_BS1_6228_03_33_15.jpg,57
308,./resources/mobilenet_mask/image_BS1_6232_03_33_15.jpg,54
309,./resources/mobilenet_mask/image_BS1_3618_03_27_41.jpg,49
310,./resources/mobilenet_mask/image_BS1_644_03_21_20.jpg,37
311,./resources/mobilenet_mask/image_BS1_6275_03_33_21.jpg,17
312,./resources/mobilenet_mask/image_BS1_9274_03_39_48.jpg,47
313,./resources/mobilenet_mask/image_BS1_3921_03_28_19.jpg,51
314,./resources/mobilenet_mask/image_BS1_5160_03_30_58.jpg,5
315,./resources/mobilenet_mask/image_BS1_1051_03_22_13.jpg,15
316,./resources/mobilenet_mask/image_BS1_2547_03_25_24.jpg,20
317,./resources/mobilenet_mask/image_BS1_3393_03_27_12.jpg,55
318,./resources/mobilenet_mask/image_BS1_6225_03_33_14.jpg,59
319,./resources/mobilenet_mask/image_BS1_8600_03_38_20.jpg,23
320,./resources/mobilenet_mask/image_BS1_7864_03_36_45.jpg,55
321,./resources/mobilenet_mask/image_BS1_9911_03_41_11.jpg,14
322,./resources/mobilenet_mask/image_BS1_6481_03_33_47.jpg,13
323,./resources/mobilenet_mask/image_BS1_638_03_21_19.jpg,34
324,./resources/mobilenet_mask/image_BS1_5106_03_30_51.jpg,48
326,./resources/mobilenet_mask/image_BS1_4084_03_28_40.jpg,52
327,./resources/mobilenet_mask/image_BS1_5932_03_32_37.jpg,39
328,./resources/mobilenet_mask/image_BS1_4848_03_30_18.jpg,34
329,./resources/mobilenet_mask/image_BS1_8581_03_38_17.jpg,6
330,./resources/mobilenet_mask/image_BS1_4623_03_29_49.jpg,26
331,./resources/mobilenet_mask/image_BS1_2539_03_25_23.jpg,17
332,./resources/mobilenet_mask/image_BS1_3902_03_28_17.jpg,32
333,./resources/mobilenet_mask/image_BS1_2019_03_24_16.jpg,17
334,./resources/mobilenet_mask/image_BS1_2050_03_24_20.jpg,54
335,./resources/mobilenet_mask/image_BS1_9525_03_40_21.jpg,45
336,./resources/mobilenet_mask/image_BS1_7868_03_36_45.jpg,57
337,./resources/mobilenet_mask/image_BS1_4342_03_29_13.jpg,29
339,./resources/mobilenet_mask/image_BS1_5130_03_30_54.jpg,29
340,./resources/mobilenet_mask/image_BS1_3630_03_27_42.jpg,42
341,./resources/mobilenet_mask/image_BS1_4606_03_29_47.jpg,39
342,./resources/mobilenet_mask/image_BS1_2266_03_24_48.jpg,47
343,./resources/mobilenet_mask/image_BS1_5373_03_31_25.jpg,39
345,./resources/mobilenet_mask/image_BS1_2250_03_24_46.jpg,59
346,./resources/mobilenet_mask/image_BS1_5365_03_31_24.jpg,32
347,./resources/mobilenet_mask/image_BS1_663_03_21_22.jpg,48
348,./resources/mobilenet_mask/image_BS1_634_03_21_19.jpg,29
349,./resources/mobilenet_mask/image_BS1_9912_03_41_11.jpg,13
350,./resources/mobilenet_mask/image_BS1_580_03_21_12.jpg,6
351,./resources/mobilenet_mask/image_BS1_1036_03_22_11.jpg,26
352,./resources/mobilenet_mask/image_BS1_2849_03_26_02.jpg,29
353,./resources/mobilenet_mask/image_BS1_9300_03_39_52.jpg,17
355,./resources/mobilenet_mask/image_BS1_3645_03_27_44.jpg,27
356,./resources/mobilenet_mask/image_BS1_2509_03_25_19.jpg,3
357,./resources/mobilenet_mask/image_BS1_1028_03_22_10.jpg,34
358,./resources/mobilenet_mask/image_BS1_2850_03_26_02.jpg,29
359,./resources/mobilenet_mask/image_BS1_2585_03_25_29.jpg,37
360,./resources/mobilenet_mask/image_BS1_5116_03_30_52.jpg,42
361,./resources/mobilenet_mask/image_BS1_2255_03_24_47.jpg,55
364,./resources/mobilenet_mask/image_BS1_6497_03_33_49.jpg,23
366,./resources/mobilenet_mask/image_BS1_5112_03_30_52.jpg,44
367,./resources/mobilenet_mask/image_BS1_6817_03_34_30.jpg,46
368,./resources/mobilenet_mask/image_BS1_7414_03_35_47.jpg,45
369,./resources/mobilenet_mask/image_BS1_9286_03_39_50.jpg,33
370,./resources/mobilenet_mask/image_BS1_7454_03_35_52.jpg,2
371,./resources/mobilenet_mask/image_BS1_3884_03_28_14.jpg,17
372,./resources/mobilenet_mask/image_BS1_623_03_21_17.jpg,26
373,./resources/mobilenet_mask/image_BS1_5349_03_31_22.jpg,16
374,./resources/mobilenet_mask/image_BS1_6824_03_34_31.jpg,39
375,./resources/mobilenet_mask/image_BS1_9273_03_39_48.jpg,46
376,./resources/mobilenet_mask/image_BS1_2039_03_24_19.jpg,43
377,./resources/mobilenet_mask/image_BS1_8603_03_38_20.jpg,27
378,./resources/mobilenet_mask/image_BS1_2857_03_26_03.jpg,27
380,./resources/mobilenet_mask/image_BS1_5334_03_31_20.jpg,3
381,./resources/mobilenet_mask/image_BS1_6528_03_33_53.jpg,42
382,./resources/mobilenet_mask/image_BS1_8084_03_37_13.jpg,39
383,./resources/mobilenet_mask/image_BS1_4648_03_29_52.jpg,6
384,./resources/mobilenet_mask/image_BS1_3358_03_27_08.jpg,32
386,./resources/mobilenet_mask/image_BS1_2292_03_24_51.jpg,22
387,./resources/mobilenet_mask/image_BS1_6237_03_33_16.jpg,52
388,./resources/mobilenet_mask/image_BS1_6288_03_33_23.jpg,6
389,./resources/mobilenet_mask/image_BS1_5135_03_30_55.jpg,26
390,./resources/mobilenet_mask/image_BS1_5893_03_32_32.jpg,4
391,./resources/mobilenet_mask/image_BS1_5384_03_31_27.jpg,49
392,./resources/mobilenet_mask/image_BS1_1259_03_22_39.jpg,4
393,./resources/mobilenet_mask/image_BS1_2055_03_24_21.jpg,59
394,./resources/mobilenet_mask/image_BS1_1309_03_22_46.jpg,49
395,./resources/mobilenet_mask/image_BS1_5381_03_31_26.jpg,47
396,./resources/mobilenet_mask/image_BS1_7455_03_35_52.jpg,2
397,./resources/mobilenet_mask/image_BS1_3365_03_27_08.jpg,39
398,./resources/mobilenet_mask/image_BS1_1050_03_22_12.jpg,14
399,./resources/mobilenet_mask/image_BS1_9311_03_39_53.jpg,7
400,./resources/mobilenet_mask/image_BS1_991_03_22_05.jpg,55
401,./resources/mobilenet_mask/image_BS1_361_03_20_44.jpg,4
402,./resources/mobilenet_mask/image_BS1_5356_03_31_23.jpg,22
403,./resources/mobilenet_mask/image_BS1_1034_03_22_10.jpg,29
404,./resources/mobilenet_mask/image_BS1_1289_03_22_43.jpg,30
405,./resources/mobilenet_mask/image_BS1_2527_03_25_21.jpg,11
406,./resources/mobilenet_mask/image_BS1_5901_03_32_33.jpg,11
407,./resources/mobilenet_mask/image_BS1_2591_03_25_29.jpg,39
409,./resources/mobilenet_mask/image_BS1_4582_03_29_44.jpg,55
410,./resources/mobilenet_mask/image_BS1_4324_03_29_11.jpg,11
411,./resources/mobilenet_mask/image_BS1_3868_03_28_12.jpg,4
412,./resources/mobilenet_mask/image_BS1_3876_03_28_13.jpg,11
413,./resources/mobilenet_mask/image_BS1_584_03_21_12.jpg,8
414,./resources/mobilenet_mask/image_BS1_8119_03_37_17.jpg,8
415,./resources/mobilenet_mask/image_BS1_645_03_21_20.jpg,39
417,./resources/mobilenet_mask/image_BS1_6523_03_33_53.jpg,39
418,./resources/mobilenet_mask/image_BS1_9922_03_41_12.jpg,6
419,./resources/mobilenet_mask/image_BS1_5340_03_31_21.jpg,7
420,./resources/mobilenet_mask/image_BS1_3326_03_27_03.jpg,7
421,./resources/mobilenet_mask/image_BS1_7859_03_36_44.jpg,51
422,./resources/mobilenet_mask/image_BS1_2812_03_25_58.jpg,55
423,./resources/mobilenet_mask/image_BS1_326_03_20_39.jpg,28
424,./resources/mobilenet_mask/image_BS1_6559_03_33_57.jpg,60
425,./resources/mobilenet_mask/image_BS1_1288_03_22_43.jpg,29
426,./resources/mobilenet_mask/image_BS1_4595_03_29_46.jpg,47
428,./resources/mobilenet_mask/image_BS1_4642_03_29_52.jpg,11
429,./resources/mobilenet_mask/image_BS1_6239_03_33_16.jpg,48
430,./resources/mobilenet_mask/image_BS1_4368_03_29_16.jpg,52
432,./resources/mobilenet_mask/image_BS1_310_03_20_37.jpg,37
433,./resources/mobilenet_mask/image_BS1_9520_03_40_20.jpg,42
434,./resources/mobilenet_mask/image_BS1_3349_03_27_06.jpg,27
435,./resources/mobilenet_mask/image_BS1_4138_03_28_47.jpg,2
436,./resources/mobilenet_mask/image_BS1_9469_03_40_13.jpg,6
437,./resources/mobilenet_mask/image_BS1_679_03_21_24.jpg,58
438,./resources/mobilenet_mask/image_BS1_8632_03_38_24.jpg,54
439,./resources/mobilenet_mask/image_BS1_7445_03_35_51.jpg,10
440,./resources/mobilenet_mask/image_BS1_9276_03_39_48.jpg,44
441,./resources/mobilenet_mask/image_BS1_283_03_20_34.jpg,49
442,./resources/mobilenet_mask/image_BS1_4320_03_29_10.jpg,9
443,./resources/mobilenet_mask/image_BS1_4828_03_30_15.jpg,26
444,./resources/mobilenet_mask/image_BS1_672_03_21_24.jpg,54
445,./resources/mobilenet_mask/image_BS1_5129_03_30_54.jpg,31
446,./resources/mobilenet_mask/image_BS1_2517_03_25_20.jpg,6
447,./resources/mobilenet_mask/image_BS1_6274_03_33_21.jpg,17
448,./resources/mobilenet_mask/image_BS1_6496_03_33_49.jpg,23
449,./resources/mobilenet_mask/image_BS1_4793_03_30_11.jpg,3
450,./resources/mobilenet_mask/image_BS1_9524_03_40_21.jpg,45
451,./resources/mobilenet_mask/image_BS1_5913_03_32_34.jpg,20
452,./resources/mobilenet_mask/image_BS1_6834_03_34_33.jpg,28
453,./resources/mobilenet_mask/image_BS1_5390_03_31_27.jpg,55
454,./resources/mobilenet_mask/image_BS1_6539_03_33_55.jpg,49
455,./resources/mobilenet_mask/image_BS1_7400_03_35_45.jpg,59
456,./resources/mobilenet_mask/image_BS1_5398_03_31_28.jpg,60
457,./resources/mobilenet_mask/image_BS1_4633_03_29_50.jpg,17
458,./resources/mobilenet_mask/image_BS1_6255_03_33_18.jpg,37
459,./resources/mobilenet_mask/image_BS1_5915_03_32_35.jpg,22
460,./resources/mobilenet_mask/image_BS1_4332_03_29_12.jpg,20
461,./resources/mobilenet_mask/image_BS1_1295_03_22_44.jpg,37
462,./resources/mobilenet_mask/image_BS1_9848_03_41_02.jpg,59
463,./resources/mobilenet_mask/image_BS1_1286_03_22_43.jpg,27
465,./resources/mobilenet_mask/image_BS1_8079_03_37_12.jpg,43
466,./resources/mobilenet_mask/image_BS1_670_03_21_23.jpg,51
467,./resources/mobilenet_mask/image_BS1_9526_03_40_21.jpg,46
468,./resources/mobilenet_mask/image_BS1_8104_03_37_15.jpg,22
469,./resources/mobilenet_mask/image_BS1_2838_03_26_01.jpg,38
470,./resources/mobilenet_mask/image_BS1_1052_03_22_13.jpg,13
471,./resources/mobilenet_mask/image_BS1_1059_03_22_14.jpg,10
472,./resources/mobilenet_mask/image_BS1_3869_03_28_12.jpg,6
473,./resources/mobilenet_mask/image_BS1_3644_03_27_44.jpg,29
474,./resources/mobilenet_mask/image_BS1_4596_03_29_46.jpg,46
475,./resources/mobilenet_mask/image_BS1_578_03_21_12.jpg,6
476,./resources/mobilenet_mask/image_BS1_680_03_21_25.jpg,58
477,./resources/mobilenet_mask/image_BS1_2543_03_25_23.jpg,17
478,./resources/mobilenet_mask/image_BS1_5103_03_30_51.jpg,51
480,./resources/mobilenet_mask/image_BS1_989_03_22_05.jpg,57
481,./resources/mobilenet_mask/image_BS1_4085_03_28_40.jpg,51
483,./resources/mobilenet_mask/image_BS1_8110_03_37_16.jpg,17
484,./resources/mobilenet_mask/image_BS1_8057_03_37_09.jpg,55
485,./resources/mobilenet_mask/image_BS1_8612_03_38_22.jpg,37
486,./resources/mobilenet_mask/image_BS1_4645_03_29_52.jpg,9
487,./resources/mobilenet_mask/image_BS1_6281_03_33_22.jpg,10
488,./resources/mobilenet_mask/image_BS1_6527_03_33_53.jpg,42
489,./resources/mobilenet_mask/image_BS1_5372_03_31_25.jpg,39
490,./resources/mobilenet_mask/image_BS1_3893_03_28_16.jpg,26
491,./resources/mobilenet_mask/image_BS1_8105_03_37_16.jpg,22
492,./resources/mobilenet_mask/image_BS1_4352_03_29_14.jpg,39
493,./resources/mobilenet_mask/image_BS1_273_03_20_33.jpg,55
494,./resources/mobilenet_mask/image_BS1_1296_03_22_44.jpg,38
495,./resources/mobilenet_mask/image_BS1_3650_03_27_45.jpg,22
496,./resources/mobilenet_mask/image_BS1_1049_03_22_12.jpg,16
497,./resources/mobilenet_mask/image_BS1_4651_03_29_53.jpg,4
498,./resources/mobilenet_mask/image_BS1_3603_03_27_39.jpg,59
500,./resources/mobilenet_mask/image_BS1_2026_03_24_17.jpg,26
501,./resources/mobilenet_mask/image_BS1_6850_03_34_35.jpg,14
502,./resources/mobilenet_mask/image_BS1_8078_03_37_12.jpg,43
503,./resources/mobilenet_mask/image_BS1_7020_03_34_56.jpg,26
505,./resources/mobilenet_mask/image_BS1_2577_03_25_28.jpg,33
506,./resources/mobilenet_mask/image_BS1_4880_03_30_22.jpg,46
507,./resources/mobilenet_mask/image_BS1_7842_03_36_42.jpg,34
509,./resources/mobilenet_mask/image_BS1_1318_03_22_47.jpg,57
510,./resources/mobilenet_mask/image_BS1_2890_03_26_08.jpg,2
511,./resources/mobilenet_mask/image_BS1_9502_03_40_18.jpg,27
512,./resources/mobilenet_mask/image_BS1_4349_03_29_14.jpg,37
513,./resources/mobilenet_mask/image_BS1_6546_03_33_56.jpg,54
515,./resources/mobilenet_mask/image_BS1_8065_03_37_10.jpg,51
517,./resources/mobilenet_mask/image_BS1_4573_03_29_43.jpg,59
518,./resources/mobilenet_mask/image_BS1_6475_03_33_47.jpg,9
519,./resources/mobilenet_mask/image_BS1_8578_03_38_17.jpg,3
520,./resources/mobilenet_mask/image_BS1_3926_03_28_20.jpg,55
521,./resources/mobilenet_mask/image_BS1_268_03_20_32.jpg,55
522,./resources/mobilenet_mask/image_BS1_1069_03_22_15.jpg,2
523,./resources/mobilenet_mask/image_BS1_8075_03_37_12.jpg,45
524,./resources/mobilenet_mask/image_BS1_2044_03_24_20.jpg,48
526,./resources/mobilenet_mask/image_BS1_6491_03_33_49.jpg,20
527,./resources/mobilenet_mask/image_BS1_581_03_21_12.jpg,6
528,./resources/mobilenet_mask/image_BS1_5092_03_30_49.jpg,58
529,./resources/mobilenet_mask/image_BS1_4806_03_30_13.jpg,14
531,./resources/mobilenet_mask/image_BS1_5924_03_32_36.jpg,29
532,./resources/mobilenet_mask/image_BS1_575_03_21_11.jpg,4
533,./resources/mobilenet_mask/image_BS1_8579_03_38_17.jpg,4
534,./resources/mobilenet_mask/image_BS1_9472_03_40_14.jpg,7
535,./resources/mobilenet_mask/image_BS1_2806_03_25_57.jpg,59
537,./resources/mobilenet_mask/image_BS1_7839_03_36_42.jpg,31
538,./resources/mobilenet_mask/image_BS1_7822_03_36_39.jpg,14
540,./resources/mobilenet_mask/image_BS1_4889_03_30_23.jpg,51
542,./resources/mobilenet_mask/image_BS1_349_03_20_42.jpg,11
543,./resources/mobilenet_mask/image_BS1_5367_03_31_24.jpg,34
544,./resources/mobilenet_mask/image_BS1_9846_03_41_02.jpg,59
545,./resources/mobilenet_mask/image_BS1_5143_03_30_56.jpg,17
546,./resources/mobilenet_mask/image_BS1_3906_03_28_17.jpg,38
547,./resources/mobilenet_mask/image_BS1_7860_03_36_44.jpg,51
548,./resources/mobilenet_mask/image_BS1_3379_03_27_10.jpg,48
549,./resources/mobilenet_mask/image_BS1_2538_03_25_23.jpg,17
550,./resources/mobilenet_mask/image_BS1_5910_03_32_34.jpg,17
551,./resources/mobilenet_mask/image_BS1_2302_03_24_52.jpg,13
552,./resources/mobilenet_mask/image_BS1_9538_03_40_22.jpg,55
555,./resources/mobilenet_mask/image_BS1_3620_03_27_41.jpg,48
556,./resources/mobilenet_mask/image_BS1_333_03_20_40.jpg,23
557,./resources/mobilenet_mask/image_BS1_324_03_20_39.jpg,28
558,./resources/mobilenet_mask/image_BS1_9896_03_41_09.jpg,28
559,./resources/mobilenet_mask/image_BS1_3380_03_27_10.jpg,48
560,./resources/mobilenet_mask/image_BS1_9851_03_41_03.jpg,59
561,./resources/mobilenet_mask/image_BS1_8630_03_38_24.jpg,52
563,./resources/mobilenet_mask/image_BS1_3322_03_27_03.jpg,6
564,./resources/mobilenet_mask/image_BS1_4885_03_30_23.jpg,49
565,./resources/mobilenet_mask/image_BS1_7006_03_34_55.jpg,7
566,./resources/mobilenet_mask/image_BS1_2818_03_25_58.jpg,52
567,./resources/mobilenet_mask/image_BS1_665_03_21_23.jpg,49
568,./resources/mobilenet_mask/image_BS1_3376_03_27_10.jpg,47
569,./resources/mobilenet_mask/image_BS1_4321_03_29_10.jpg,11
571,./resources/mobilenet_mask/image_BS1_1313_03_22_46.jpg,55
572,./resources/mobilenet_mask/image_BS1_2530_03_25_22.jpg,13
573,./resources/mobilenet_mask/image_BS1_9512_03_40_19.jpg,34
574,./resources/mobilenet_mask/image_BS1_3925_03_28_20.jpg,55
575,./resources/mobilenet_mask/image_BS1_658_03_21_22.jpg,44
576,./resources/mobilenet_mask/image_BS1_2556_03_25_25.jpg,23
578,./resources/mobilenet_mask/image_BS1_2514_03_25_20.jpg,3
579,./resources/mobilenet_mask/image_BS1_1061_03_22_14.jpg,7
581,./resources/mobilenet_mask/image_BS1_320_03_20_39.jpg,32
583,./resources/mobilenet_mask/image_BS1_667_03_21_23.jpg,51
584,./resources/mobilenet_mask/image_BS1_6809_03_34_29.jpg,52
585,./resources/mobilenet_mask/image_BS1_9887_03_41_07.jpg,37
587,./resources/mobilenet_mask/image_BS1_622_03_21_17.jpg,24
588,./resources/mobilenet_mask/image_BS1_8639_03_38_25.jpg,61
589,./resources/mobilenet_mask/image_BS1_5928_03_32_36.jpg,34
590,./resources/mobilenet_mask/image_BS1_5921_03_32_35.jpg,27
591,./resources/mobilenet_mask/image_BS1_1009_03_22_07.jpg,46
592,./resources/mobilenet_mask/image_BS1_7418_03_35_48.jpg,42
594,./resources/mobilenet_mask/image_BS1_7816_03_36_39.jpg,8
596,./resources/mobilenet_mask/image_BS1_5352_03_31_22.jpg,17
597,./resources/mobilenet_mask/image_BS1_280_03_20_33.jpg,51
598,./resources/mobilenet_mask/image_BS1_7835_03_36_41.jpg,26
599,./resources/mobilenet_mask/image_BS1_1317_03_22_47.jpg,57
600,./resources/mobilenet_mask/image_BS1_2533_03_25_22.jpg,14
602,./resources/mobilenet_mask/image_BS1_6838_03_34_33.jpg,25
603,./resources/mobilenet_mask/image_BS1_345_03_20_42.jpg,14
605,./resources/mobilenet_mask/image_BS1_9482_03_40_15.jpg,13
606,./resources/mobilenet_mask/image_BS1_4839_03_30_17.jpg,29
607,./resources/mobilenet_mask/image_BS1_1023_03_22_09.jpg,37
608,./resources/mobilenet_mask/image_BS1_7022_03_34_57.jpg,27
609,./resources/mobilenet_mask/image_BS1_4896_03_30_24.jpg,55
610,./resources/mobilenet_mask/image_BS1_6279_03_33_21.jpg,13
611,./resources/mobilenet_mask/image_BS1_7413_03_35_47.jpg,47
613,./resources/mobilenet_mask/image_BS1_8575_03_38_17.jpg,3
615,./resources/mobilenet_mask/image_BS1_4618_03_29_49.jpg,30
617,./resources/mobilenet_mask/image_BS1_8077_03_37_12.jpg,45
618,./resources/mobilenet_mask/image_BS1_2263_03_24_48.jpg,52
619,./resources/mobilenet_mask/image_BS1_340_03_20_41.jpg,17
620,./resources/mobilenet_mask/image_BS1_293_03_20_35.jpg,45
622,./resources/mobilenet_mask/image_BS1_6273_03_33_21.jpg,17
623,./resources/mobilenet_mask/image_BS1_8626_03_38_23.jpg,49
624,./resources/mobilenet_mask/image_BS1_1316_03_22_47.jpg,57
625,./resources/mobilenet_mask/image_BS1_7852_03_36_43.jpg,46
626,./resources/mobilenet_mask/image_BS1_8091_03_37_14.jpg,34
627,./resources/mobilenet_mask/image_BS1_4876_03_30_22.jpg,45
628,./resources/mobilenet_mask/image_BS1_1058_03_22_13.jpg,11
629,./resources/mobilenet_mask/image_BS1_669_03_21_23.jpg,51
630,./resources/mobilenet_mask/image_BS1_3337_03_27_05.jpg,17
631,./resources/mobilenet_mask/image_BS1_5347_03_31_22.jpg,14
632,./resources/mobilenet_mask/image_BS1_9906_03_41_10.jpg,19
633,./resources/mobilenet_mask/image_BS1_3865_03_28_12.jpg,3
634,./resources/mobilenet_mask/image_BS1_3395_03_27_12.jpg,57
635,./resources/mobilenet_mask/image_BS1_6815_03_34_30.jpg,46
636,./resources/mobilenet_mask/image_BS1_7024_03_34_57.jpg,30
637,./resources/mobilenet_mask/image_BS1_5358_03_31_23.jpg,23
638,./resources/mobilenet_mask/image_BS1_9888_03_41_08.jpg,34
639,./resources/mobilenet_mask/image_BS1_2289_03_24_51.jpg,26
640,./resources/mobilenet_mask/image_BS1_4831_03_30_16.jpg,27
641,./resources/mobilenet_mask/image_BS1_1030_03_22_10.jpg,29
643,./resources/mobilenet_mask/image_BS1_681_03_21_25.jpg,59
644,./resources/mobilenet_mask/image_BS1_8054_03_37_09.jpg,55
645,./resources/mobilenet_mask/image_BS1_2566_03_25_26.jpg,27
646,./resources/mobilenet_mask/image_BS1_2028_03_24_18.jpg,27
647,./resources/mobilenet_mask/image_BS1_7015_03_34_56.jpg,17
648,./resources/mobilenet_mask/image_BS1_8613_03_38_22.jpg,37
649,./resources/mobilenet_mask/image_BS1_2580_03_25_28.jpg,32
650,./resources/mobilenet_mask/image_BS1_4649_03_29_53.jpg,6
651,./resources/mobilenet_mask/image_BS1_3625_03_27_42.jpg,44
653,./resources/mobilenet_mask/image_BS1_5102_03_30_50.jpg,52
654,./resources/mobilenet_mask/image_BS1_9909_03_41_10.jpg,17
655,./resources/mobilenet_mask/image_BS1_2252_03_24_46.jpg,60
656,./resources/mobilenet_mask/image_BS1_4878_03_30_22.jpg,45
657,./resources/mobilenet_mask/image_BS1_5396_03_31_28.jpg,58
658,./resources/mobilenet_mask/image_BS1_4841_03_30_17.jpg,31
659,./resources/mobilenet_mask/image_BS1_5153_03_30_57.jpg,14
660,./resources/mobilenet_mask/image_BS1_4092_03_28_41.jpg,44
661,./resources/mobilenet_mask/image_BS1_306_03_20_37.jpg,39
662,./resources/mobilenet_mask/image_BS1_8108_03_37_16.jpg,17
663,./resources/mobilenet_mask/image_BS1_4849_03_30_18.jpg,34
664,./resources/mobilenet_mask/image_BS1_1047_03_22_12.jpg,17
665,./resources/mobilenet_mask/image_BS1_8591_03_38_19.jpg,17
666,./resources/mobilenet_mask/image_BS1_2583_03_25_28.jpg,36
668,./resources/mobilenet_mask/image_BS1_4369_03_29_16.jpg,54
670,./resources/mobilenet_mask/image_BS1_9892_03_41_08.jpg,30
671,./resources/mobilenet_mask/image_BS1_3646_03_27_44.jpg,27
672,./resources/mobilenet_mask/image_BS1_2053_03_24_21.jpg,55
673,./resources/mobilenet_mask/image_BS1_3352_03_27_07.jpg,29
674,./resources/mobilenet_mask/image_BS1_5389_03_31_27.jpg,54
675,./resources/mobilenet_mask/image_BS1_2010_03_24_15.jpg,7
676,./resources/mobilenet_mask/image_BS1_7010_03_34_55.jpg,11
677,./resources/mobilenet_mask/image_BS1_2529_03_25_21.jpg,13
678,./resources/mobilenet_mask/image_BS1_291_03_20_35.jpg,45
680,./resources/mobilenet_mask/image_BS1_6489_03_33_48.jpg,19
681,./resources/mobilenet_mask/image_BS1_4605_03_29_47.jpg,42
682,./resources/mobilenet_mask/image_BS1_6806_03_34_29.jpg,55
683,./resources/mobilenet_mask/image_BS1_5391_03_31_28.jpg,55
684,./resources/mobilenet_mask/image_BS1_8594_03_38_19.jpg,17
685,./resources/mobilenet_mask/image_BS1_9281_03_39_49.jpg,37
687,./resources/mobilenet_mask/image_BS1_1279_03_22_42.jpg,21
688,./resources/mobilenet_mask/image_BS1_2551_03_25_24.jpg,22
689,./resources/mobilenet_mask/image_BS1_9868_03_41_05.jpg,49
690,./resources/mobilenet_mask/image_BS1_2851_03_26_03.jpg,29
691,./resources/mobilenet_mask/image_BS1_5141_03_30_55.jpg,21
692,./resources/mobilenet_mask/image_BS1_4099_03_28_42.jpg,39
693,./resources/mobilenet_mask/image_BS1_1287_03_22_43.jpg,29
694,./resources/mobilenet_mask/image_BS1_353_03_20_43.jpg,11
695,./resources/mobilenet_mask/image_BS1_4647_03_29_52.jpg,7
697,./resources/mobilenet_mask/image_BS1_4353_03_29_14.jpg,40
699,./resources/mobilenet_mask/image_BS1_1014_03_22_08.jpg,42
700,./resources/mobilenet_mask/image_BS1_6468_03_33_46.jpg,4
702,./resources/mobilenet_mask/image_BS1_6842_03_34_34.jpg,21
703,./resources/mobilenet_mask/image_BS1_2562_03_25_26.jpg,26
704,./resources/mobilenet_mask/image_BS1_3329_03_27_04.jpg,11
705,./resources/mobilenet_mask/image_BS1_6289_03_33_23.jpg,6
707,./resources/mobilenet_mask/image_BS1_3638_03_27_43.jpg,34
708,./resources/mobilenet_mask/image_BS1_6262_03_33_19.jpg,28
709,./resources/mobilenet_mask/image_BS1_7856_03_36_44.jpg,47
710,./resources/mobilenet_mask/image_BS1_1053_03_22_13.jpg,13
711,./resources/mobilenet_mask/image_BS1_3320_03_27_03.jpg,4
712,./resources/mobilenet_mask/image_BS1_4575_03_29_43.jpg,59
713,./resources/mobilenet_mask/image_BS1_4335_03_29_12.jpg,22
714,./resources/mobilenet_mask/image_BS1_3670_03_27_47.jpg,3
715,./resources/mobilenet_mask/image_BS1_1068_03_22_15.jpg,3
716,./resources/mobilenet_mask/image_BS1_7012_03_34_55.jpg,14
717,./resources/mobilenet_mask/image_BS1_2258_03_24_47.jpg,55
719,./resources/mobilenet_mask/image_BS1_635_03_21_19.jpg,32
720,./resources/mobilenet_mask/image_BS1_5100_03_30_50.jpg,51
721,./resources/mobilenet_mask/image_BS1_4374_03_29_17.jpg,55
722,./resources/mobilenet_mask/image_BS1_298_03_20_36.jpg,42
723,./resources/mobilenet_mask/image_BS1_583_03_21_12.jpg,7
724,./resources/mobilenet_mask/image_BS1_4581_03_29_44.jpg,55
725,./resources/mobilenet_mask/image_BS1_2011_03_24_15.jpg,6
726,./resources/mobilenet_mask/image_BS1_4341_03_29_13.jpg,29
727,./resources/mobilenet_mask/image_BS1_3879_03_28_14.jpg,14
728,./resources/mobilenet_mask/image_BS1_300_03_20_36.jpg,42
729,./resources/mobilenet_mask/image_BS1_2267_03_24_48.jpg,47
730,./resources/mobilenet_mask/image_BS1_3623_03_27_41.jpg,46
731,./resources/mobilenet_mask/image_BS1_3627_03_27_42.jpg,43
732,./resources/mobilenet_mask/image_BS1_1266_03_22_40.jpg,11
733,./resources/mobilenet_mask/image_BS1_654_03_21_21.jpg,42
734,./resources/mobilenet_mask/image_BS1_9488_03_40_16.jpg,17
735,./resources/mobilenet_mask/image_BS1_9513_03_40_19.jpg,34
736,./resources/mobilenet_mask/image_BS1_2629_03_25_34.jpg,62
737,./resources/mobilenet_mask/image_BS1_1257_03_22_39.jpg,4
739,./resources/mobilenet_mask/image_BS1_1019_03_22_09.jpg,39
740,./resources/mobilenet_mask/image_BS1_7857_03_36_44.jpg,49
742,./resources/mobilenet_mask/image_BS1_2574_03_25_27.jpg,32
743,./resources/mobilenet_mask/image_BS1_4892_03_30_24.jpg,55
744,./resources/mobilenet_mask/image_BS1_4901_03_30_25.jpg,58
745,./resources/mobilenet_mask/image_BS1_7870_03_36_45.jpg,59
746,./resources/mobilenet_mask/image_BS1_6522_03_33_53.jpg,39
747,./resources/mobilenet_mask/image_BS1_8120_03_37_18.jpg,11
749,./resources/mobilenet_mask/image_BS1_3890_03_28_15.jpg,22
751,./resources/mobilenet_mask/image_BS1_4891_03_30_23.jpg,54
752,./resources/mobilenet_mask/image_BS1_4900_03_30_25.jpg,59
755,./resources/mobilenet_mask/image_BS1_2567_03_25_26.jpg,29
756,./resources/mobilenet_mask/image_BS1_9480_03_40_15.jpg,9
757,./resources/mobilenet_mask/image_BS1_8101_03_37_15.jpg,26
758,./resources/mobilenet_mask/image_BS1_9265_03_39_47.jpg,55
759,./resources/mobilenet_mask/image_BS1_4583_03_29_44.jpg,55
761,./resources/mobilenet_mask/image_BS1_8063_03_37_10.jpg,52
762,./resources/mobilenet_mask/image_BS1_6521_03_33_52.jpg,39
763,./resources/mobilenet_mask/image_BS1_314_03_20_38.jpg,34
764,./resources/mobilenet_mask/image_BS1_4829_03_30_16.jpg,26
766,./resources/mobilenet_mask/image_BS1_2313_03_24_54.jpg,3
767,./resources/mobilenet_mask/image_BS1_3345_03_27_06.jpg,22
768,./resources/mobilenet_mask/image_BS1_4894_03_30_24.jpg,56
769,./resources/mobilenet_mask/image_BS1_8637_03_38_25.jpg,59
770,./resources/mobilenet_mask/image_BS1_8125_03_37_18.jpg,6
771,./resources/mobilenet_mask/image_BS1_4117_03_28_44.jpg,17
772,./resources/mobilenet_mask/image_BS1_1300_03_22_45.jpg,39
773,./resources/mobilenet_mask/image_BS1_7840_03_36_42.jpg,32
774,./resources/mobilenet_mask/image_BS1_7847_03_36_43.jpg,39
775,./resources/mobilenet_mask/image_BS1_4087_03_28_40.jpg,49
776,./resources/mobilenet_mask/image_BS1_4653_03_29_53.jpg,6
777,./resources/mobilenet_mask/image_BS1_9307_03_39_52.jpg,11
778,./resources/mobilenet_mask/image_BS1_2578_03_25_28.jpg,33
779,./resources/mobilenet_mask/image_BS1_5125_03_30_53.jpg,34
780,./resources/mobilenet_mask/image_BS1_3364_03_27_08.jpg,39
781,./resources/mobilenet_mask/image_BS1_9476_03_40_14.jpg,11
782,./resources/mobilenet_mask/image_BS1_6836_03_34_33.jpg,27
783,./resources/mobilenet_mask/image_BS1_612_03_21_16.jpg,21
784,./resources/mobilenet_mask/image_BS1_8619_03_38_22.jpg,42
787,./resources/mobilenet_mask/image_BS1_9541_03_40_23.jpg,59
788,./resources/mobilenet_mask/image_BS1_4800_03_30_12.jpg,11
791,./resources/mobilenet_mask/image_BS1_9543_03_40_23.jpg,59
792,./resources/mobilenet_mask/image_BS1_7420_03_35_48.jpg,39
793,./resources/mobilenet_mask/image_BS1_4358_03_29_15.jpg,45
794,./resources/mobilenet_mask/image_BS1_8589_03_38_19.jpg,14
795,./resources/mobilenet_mask/image_BS1_5095_03_30_50.jpg,55
796,./resources/mobilenet_mask/image_BS1_1278_03_22_42.jpg,20
797,./resources/mobilenet_mask/image_BS1_2015_03_24_16.jpg,11
798,./resources/mobilenet_mask/image_BS1_2579_03_25_28.jpg,34
800,./resources/mobilenet_mask/image_BS1_7811_03_36_38.jpg,3
802,./resources/mobilenet_mask/image_BS1_1045_03_22_12.jpg,19
803,./resources/mobilenet_mask/image_BS1_6490_03_33_48.jpg,20
804,./resources/mobilenet_mask/image_BS1_4816_03_30_14.jpg,21
805,./resources/mobilenet_mask/image_BS1_4587_03_29_45.jpg,52
806,./resources/mobilenet_mask/image_BS1_9496_03_40_17.jpg,21
807,./resources/mobilenet_mask/image_BS1_601_03_21_15.jpg,17
808,./resources/mobilenet_mask/image_BS1_4585_03_29_44.jpg,54
809,./resources/mobilenet_mask/image_BS1_261_03_20_31.jpg,58
810,./resources/mobilenet_mask/image_BS1_4650_03_29_53.jpg,6
811,./resources/mobilenet_mask/image_BS1_2571_03_25_27.jpg,29
812,./resources/mobilenet_mask/image_BS1_8116_03_37_17.jpg,11
813,./resources/mobilenet_mask/image_BS1_1274_03_22_41.jpg,17
814,./resources/mobilenet_mask/image_BS1_1293_03_22_44.jpg,34
815,./resources/mobilenet_mask/image_BS1_1018_03_22_08.jpg,39
816,./resources/mobilenet_mask/image_BS1_1312_03_22_46.jpg,53
817,./resources/mobilenet_mask/image_BS1_5366_03_31_24.jpg,33
818,./resources/mobilenet_mask/image_BS1_4835_03_30_16.jpg,29
819,./resources/mobilenet_mask/image_BS1_2056_03_24_21.jpg,60
820,./resources/mobilenet_mask/image_BS1_1024_03_22_09.jpg,34
821,./resources/mobilenet_mask/image_BS1_7826_03_36_40.jpg,17
822,./resources/mobilenet_mask/image_BS1_5145_03_30_56.jpg,17
823,./resources/mobilenet_mask/image_BS1_997_03_22_06.jpg,54
824,./resources/mobilenet_mask/image_BS1_3892_03_28_15.jpg,23
825,./resources/mobilenet_mask/image_BS1_3664_03_27_46.jpg,11
826,./resources/mobilenet_mask/image_BS1_4101_03_28_42.jpg,34
827,./resources/mobilenet_mask/image_BS1_9903_03_41_10.jpg,20
828,./resources/mobilenet_mask/image_BS1_9506_03_40_18.jpg,29
829,./resources/mobilenet_mask/image_BS1_9862_03_41_04.jpg,51
830,./resources/mobilenet_mask/image_BS1_2602_03_25_31.jpg,45
831,./resources/mobilenet_mask/image_BS1_2032_03_24_18.jpg,34
832,./resources/mobilenet_mask/image_BS1_1026_03_22_09.jpg,34
833,./resources/mobilenet_mask/image_BS1_4796_03_30_11.jpg,6
834,./resources/mobilenet_mask/image_BS1_3374_03_27_10.jpg,44
835,./resources/mobilenet_mask/image_BS1_4376_03_29_17.jpg,58
836,./resources/mobilenet_mask/image_BS1_1003_03_22_06.jpg,48
837,./resources/mobilenet_mask/image_BS1_2030_03_24_18.jpg,29
838,./resources/mobilenet_mask/image_BS1_5374_03_31_25.jpg,39
839,./resources/mobilenet_mask/image_BS1_6801_03_34_28.jpg,57
841,./resources/mobilenet_mask/image_BS1_1063_03_22_14.jpg,7
842,./resources/mobilenet_mask/image_BS1_7850_03_36_43.jpg,43
843,./resources/mobilenet_mask/image_BS1_4311_03_29_09.jpg,3
844,./resources/mobilenet_mask/image_BS1_2042_03_24_19.jpg,45
845,./resources/mobilenet_mask/image_BS1_9857_03_41_04.jpg,55
846,./resources/mobilenet_mask/image_BS1_3867_03_28_12.jpg,4
847,./resources/mobilenet_mask/image_BS1_8638_03_38_25.jpg,59
850,./resources/mobilenet_mask/image_BS1_1283_03_22_42.jpg,26
851,./resources/mobilenet_mask/image_BS1_5131_03_30_54.jpg,29
852,./resources/mobilenet_mask/image_BS1_5335_03_31_20.jpg,3
853,./resources/mobilenet_mask/image_BS1_2521_03_25_21.jpg,7
854,./resources/mobilenet_mask/image_BS1_3919_03_28_19.jpg,49
855,./resources/mobilenet_mask/image_BS1_1298_03_22_44.jpg,39
856,./resources/mobilenet_mask/image_BS1_642_03_21_20.jpg,37
857,./resources/mobilenet_mask/image_BS1_630_03_21_18.jpg,29
858,./resources/mobilenet_mask/image_BS1_4317_03_29_10.jpg,6
859,./resources/mobilenet_mask/image_BS1_8118_03_37_17.jpg,11
860,./resources/mobilenet_mask/image_BS1_9901_03_41_09.jpg,23
861,./resources/mobilenet_mask/image_BS1_3598_03_27_38.jpg,58
862,./resources/mobilenet_mask/image_BS1_647_03_21_20.jpg,38
864,./resources/mobilenet_mask/image_BS1_611_03_21_16.jpg,20
865,./resources/mobilenet_mask/image_BS1_618_03_21_17.jpg,23
866,./resources/mobilenet_mask/image_BS1_4328_03_29_11.jpg,17
867,./resources/mobilenet_mask/image_BS1_1025_03_22_09.jpg,34
869,./resources/mobilenet_mask/image_BS1_8126_03_37_18.jpg,3
870,./resources/mobilenet_mask/image_BS1_4375_03_29_17.jpg,57
871,./resources/mobilenet_mask/image_BS1_9485_03_40_16.jpg,13
872,./resources/mobilenet_mask/image_BS1_1306_03_22_45.jpg,47
873,./resources/mobilenet_mask/image_BS1_682_03_21_25.jpg,59
874,./resources/mobilenet_mask/image_BS1_2588_03_25_29.jpg,38
875,./resources/mobilenet_mask/image_BS1_2282_03_24_50.jpg,34
876,./resources/mobilenet_mask/image_BS1_6271_03_33_20.jpg,21
877,./resources/mobilenet_mask/image_BS1_6243_03_33_17.jpg,45
878,./resources/mobilenet_mask/image_BS1_4636_03_29_51.jpg,17
879,./resources/mobilenet_mask/image_BS1_3628_03_27_42.jpg,42
880,./resources/mobilenet_mask/image_BS1_2858_03_26_03.jpg,26
881,./resources/mobilenet_mask/image_BS1_596_03_21_14.jpg,14
882,./resources/mobilenet_mask/image_BS1_2513_03_25_19.jpg,3
883,./resources/mobilenet_mask/image_BS1_9902_03_41_09.jpg,22
884,./resources/mobilenet_mask/image_BS1_1269_03_22_41.jpg,13
885,./resources/mobilenet_mask/image_BS1_3375_03_27_10.jpg,46
886,./resources/mobilenet_mask/image_BS1_6844_03_34_34.jpg,17
887,./resources/mobilenet_mask/image_BS1_5948_03_32_39.jpg,52
888,./resources/mobilenet_mask/image_BS1_9852_03_41_03.jpg,57
889,./resources/mobilenet_mask/image_BS1_7421_03_35_48.jpg,37
890,./resources/mobilenet_mask/image_BS1_4118_03_28_44.jpg,17
892,./resources/mobilenet_mask/image_BS1_275_03_20_33.jpg,51
894,./resources/mobilenet_mask/image_BS1_1040_03_22_11.jpg,22
895,./resources/mobilenet_mask/image_BS1_4817_03_30_14.jpg,22
896,./resources/mobilenet_mask/image_BS1_8113_03_37_17.jpg,13
897,./resources/mobilenet_mask/image_BS1_5139_03_30_55.jpg,22
898,./resources/mobilenet_mask/image_BS1_9298_03_39_51.jpg,20
899,./resources/mobilenet_mask/image_BS1_2565_03_25_26.jpg,27
900,./resources/mobilenet_mask/image_BS1_2823_03_25_59.jpg,49
901,./resources/mobilenet_mask/image_BS1_7817_03_36_39.jpg,9
903,./resources/mobilenet_mask/image_BS1_2270_03_24_48.jpg,44
904,./resources/mobilenet_mask/image_BS1_9277_03_39_49.jpg,42
905,./resources/mobilenet_mask/image_BS1_659_03_21_22.jpg,48
906,./resources/mobilenet_mask/image_BS1_4827_03_30_15.jpg,26
907,./resources/mobilenet_mask/image_BS1_6254_03_33_18.jpg,37
908,./resources/mobilenet_mask/image_BS1_8053_03_37_09.jpg,57
910,./resources/mobilenet_mask/image_BS1_5903_03_32_33.jpg,13
911,./resources/mobilenet_mask/image_BS1_4635_03_29_51.jpg,17
913,./resources/mobilenet_mask/image_BS1_6553_03_33_56.jpg,55
914,./resources/mobilenet_mask/image_BS1_4822_03_30_15.jpg,23
915,./resources/mobilenet_mask/image_BS1_2586_03_25_29.jpg,37
916,./resources/mobilenet_mask/image_BS1_8588_03_38_18.jpg,13
917,./resources/mobilenet_mask/image_BS1_7406_03_35_46.jpg,54
918,./resources/mobilenet_mask/image_BS1_9895_03_41_08.jpg,28
920,./resources/mobilenet_mask/image_BS1_4370_03_29_17.jpg,55
921,./resources/mobilenet_mask/image_BS1_6830_03_34_32.jpg,34
922,./resources/mobilenet_mask/image_BS1_4356_03_29_15.jpg,43
924,./resources/mobilenet_mask/image_BS1_3602_03_27_39.jpg,58
925,./resources/mobilenet_mask/image_BS1_304_03_20_37.jpg,39
927,./resources/mobilenet_mask/image_BS1_1027_03_22_10.jpg,34
928,./resources/mobilenet_mask/image_BS1_5377_03_31_26.jpg,44
929,./resources/mobilenet_mask/image_BS1_3654_03_27_45.jpg,19
930,./resources/mobilenet_mask/image_BS1_363_03_20_44.jpg,3
931,./resources/mobilenet_mask/image_BS1_5156_03_30_57.jpg,11
932,./resources/mobilenet_mask/image_BS1_6835_03_34_33.jpg,28
933,./resources/mobilenet_mask/image_BS1_4897_03_30_24.jpg,58
935,./resources/mobilenet_mask/image_BS1_6484_03_33_48.jpg,14
936,./resources/mobilenet_mask/image_BS1_2305_03_24_53.jpg,11
937,./resources/mobilenet_mask/image_BS1_9914_03_41_11.jpg,13
938,./resources/mobilenet_mask/image_BS1_3397_03_27_12.jpg,58
939,./resources/mobilenet_mask/image_BS1_9295_03_39_51.jpg,22
940,./resources/mobilenet_mask/image_BS1_6256_03_33_18.jpg,34
941,./resources/mobilenet_mask/image_BS1_4313_03_29_09.jpg,4
942,./resources/mobilenet_mask/image_BS1_4862_03_30_20.jpg,39
943,./resources/mobilenet_mask/image_BS1_9310_03_39_53.jpg,8
944,./resources/mobilenet_mask/image_BS1_9489_03_40_16.jpg,17
945,./resources/mobilenet_mask/image_BS1_9275_03_39_48.jpg,44
946,./resources/mobilenet_mask/image_BS1_9294_03_39_51.jpg,22
947,./resources/mobilenet_mask/image_BS1_8610_03_38_21.jpg,34
948,./resources/mobilenet_mask/image_BS1_4097_03_28_42.jpg,39
950,./resources/mobilenet_mask/image_BS1_334_03_20_40.jpg,22
951,./resources/mobilenet_mask/image_BS1_2308_03_24_53.jpg,6
952,./resources/mobilenet_mask/image_BS1_6264_03_33_19.jpg,26
953,./resources/mobilenet_mask/image_BS1_5949_03_32_39.jpg,51
954,./resources/mobilenet_mask/image_BS1_9540_03_40_23.jpg,57
955,./resources/mobilenet_mask/image_BS1_2287_03_24_51.jpg,27
956,./resources/mobilenet_mask/image_BS1_5343_03_31_21.jpg,11
957,./resources/mobilenet_mask/image_BS1_2314_03_24_54.jpg,3
958,./resources/mobilenet_mask/image_BS1_4795_03_30_11.jpg,5
959,./resources/mobilenet_mask/image_BS1_4603_03_29_47.jpg,42
960,./resources/mobilenet_mask/image_BS1_6525_03_33_53.jpg,42
961,./resources/mobilenet_mask/image_BS1_6543_03_33_55.jpg,51
963,./resources/mobilenet_mask/image_BS1_9921_03_41_12.jpg,6
964,./resources/mobilenet_mask/image_BS1_4600_03_29_46.jpg,44
966,./resources/mobilenet_mask/image_BS1_9283_03_39_49.jpg,39
968,./resources/mobilenet_mask/image_BS1_4833_03_30_16.jpg,29
969,./resources/mobilenet_mask/image_BS1_1064_03_22_14.jpg,6
971,./resources/mobilenet_mask/image_BS1_2022_03_24_17.jpg,21
972,./resources/mobilenet_mask/image_BS1_3350_03_27_07.jpg,27
973,./resources/mobilenet_mask/image_BS1_4615_03_29_48.jpg,33
974,./resources/mobilenet_mask/image_BS1_5146_03_30_56.jpg,17
975,./resources/mobilenet_mask/image_BS1_5951_03_32_39.jpg,54
976,./resources/mobilenet_mask/image_BS1_5918_03_32_35.jpg,23
977,./resources/mobilenet_mask/image_BS1_1062_03_22_14.jpg,6
979,./resources/mobilenet_mask/image_BS1_3336_03_27_05.jpg,17
980,./resources/mobilenet_mask/image_BS1_3401_03_27_13.jpg,59
981,./resources/mobilenet_mask/image_BS1_9309_03_39_53.jpg,11
982,./resources/mobilenet_mask/image_BS1_5096_03_30_50.jpg,56
983,./resources/mobilenet_mask/image_BS1_6291_03_33_23.jpg,4
984,./resources/mobilenet_mask/image_BS1_9503_03_40_18.jpg,29
985,./resources/mobilenet_mask/image_BS1_6818_03_34_30.jpg,46
986,./resources/mobilenet_mask/image_BS1_6485_03_33_48.jpg,16
987,./resources/mobilenet_mask/image_BS1_7405_03_35_46.jpg,55
988,./resources/mobilenet_mask/image_BS1_608_03_21_15.jpg,17
989,./resources/mobilenet_mask/image_BS1_6472_03_33_46.jpg,6
990,./resources/mobilenet_mask/image_BS1_4810_03_30_13.jpg,17
991,./resources/mobilenet_mask/image_BS1_4637_03_29_51.jpg,17
992,./resources/mobilenet_mask/image_BS1_1044_03_22_12.jpg,20
994,./resources/mobilenet_mask/image_BS1_3604_03_27_39.jpg,55
996,./resources/mobilenet_mask/image_BS1_4799_03_30_12.jpg,7
997,./resources/mobilenet_mask/image_BS1_3608_03_27_39.jpg,54
998,./resources/mobilenet_mask/image_BS1_4814_03_30_14.jpg,20
999,./resources/mobilenet_mask/image_BS1_2570_03_25_27.jpg,29
1000,./resources/mobilenet_mask/image_BS1_2552_03_25_24.jpg,22
1001,./resources/mobilenet_mask/image_BS1_5387_03_31_27.jpg,51
1003,./resources/mobilenet_mask/image_BS1_8059_03_37_10.jpg,54
1004,./resources/mobilenet_mask/image_BS1_5958_03_32_40.jpg,60
1005,./resources/mobilenet_mask/image_BS1_3898_03_28_16.jpg,29
1006,./resources/mobilenet_mask/image_BS1_7863_03_36_45.jpg,55
1007,./resources/mobilenet_mask/image_BS1_9477_03_40_14.jpg,11
1008,./resources/mobilenet_mask/image_BS1_3881_03_28_14.jpg,14
1011,./resources/mobilenet_mask/image_BS1_3341_03_27_05.jpg,20
1012,./resources/mobilenet_mask/image_BS1_5942_03_32_38.jpg,47
1014,./resources/mobilenet_mask/image_BS1_627_03_21_18.jpg,26
1015,./resources/mobilenet_mask/image_BS1_3323_03_27_03.jpg,6
1016,./resources/mobilenet_mask/image_BS1_5113_03_30_52.jpg,45
1017,./resources/mobilenet_mask/image_BS1_1039_03_22_11.jpg,23
1019,./resources/mobilenet_mask/image_BS1_287_03_20_34.jpg,48
1020,./resources/mobilenet_mask/image_BS1_8592_03_38_19.jpg,16
1021,./resources/mobilenet_mask/image_BS1_8590_03_38_19.jpg,14
1022,./resources/mobilenet_mask/image_BS1_3663_03_27_46.jpg,13
1024,./resources/mobilenet_mask/image_BS1_2593_03_25_30.jpg,39
1025,./resources/mobilenet_mask/image_BS1_6259_03_33_19.jpg,32
1027,./resources/mobilenet_mask/image_BS1_7829_03_36_40.jpg,21
1028,./resources/mobilenet_mask/image_BS1_4339_03_29_13.jpg,27
1029,./resources/mobilenet_mask/image_BS1_9878_03_41_06.jpg,43
1030,./resources/mobilenet_mask/image_BS1_302_03_20_36.jpg,39
1031,./resources/mobilenet_mask/image_BS1_4877_03_30_22.jpg,45
1034,./resources/mobilenet_mask/image_BS1_4340_03_29_13.jpg,27
1036,./resources/mobilenet_mask/image_BS1_7016_03_34_56.jpg,18
1038,./resources/mobilenet_mask/image_BS1_4607_03_29_47.jpg,39
1039,./resources/mobilenet_mask/image_BS1_5114_03_30_52.jpg,43
1040,./resources/mobilenet_mask/image_BS1_2300_03_24_52.jpg,14
1041,./resources/mobilenet_mask/image_BS1_988_03_22_04.jpg,58
1042,./resources/mobilenet_mask/image_BS1_2546_03_25_24.jpg,20
1043,./resources/mobilenet_mask/image_BS1_2515_03_25_20.jpg,7
1044,./resources/mobilenet_mask/image_BS1_5341_03_31_21.jpg,7
1045,./resources/mobilenet_mask/image_BS1_2891_03_26_08.jpg,2
1046,./resources/mobilenet_mask/image_BS1_6470_03_33_46.jpg,4
1047,./resources/mobilenet_mask/image_BS1_8586_03_38_18.jpg,12
1048,./resources/mobilenet_mask/image_BS1_319_03_20_38.jpg,34
1050,./resources/mobilenet_mask/image_BS1_5953_03_32_39.jpg,55
1051,./resources/mobilenet_mask/image_BS1_2587_03_25_29.jpg,38
1052,./resources/mobilenet_mask/image_BS1_9292_03_39_51.jpg,26
1053,./resources/mobilenet_mask/image_BS1_3916_03_28_19.jpg,46
1054,./resources/mobilenet_mask/image_BS1_3880_03_28_14.jpg,14
1055,./resources/mobilenet_mask/image_BS1_6507_03_33_51.jpg,31
1056,./resources/mobilenet_mask/image_BS1_9535_03_40_22.jpg,52
1057,./resources/mobilenet_mask/image_BS1_4898_03_30_24.jpg,59
1058,./resources/mobilenet_mask/image_BS1_4798_03_30_12.jpg,7
1059,./resources/mobilenet_mask/image_BS1_6474_03_33_46.jpg,7
1061,./resources/mobilenet_mask/image_BS1_4137_03_28_47.jpg,2
1062,./resources/mobilenet_mask/image_BS1_3338_03_27_05.jpg,17
1063,./resources/mobilenet_mask/image_BS1_6230_03_33_15.jpg,55
1064,./resources/mobilenet_mask/image_BS1_4802_03_30_12.jpg,10
1065,./resources/mobilenet_mask/image_BS1_2508_03_25_19.jpg,4
1066,./resources/mobilenet_mask/image_BS1_343_03_20_42.jpg,17
1067,./resources/mobilenet_mask/image_BS1_8597_03_38_20.jpg,22
1068,./resources/mobilenet_mask/image_BS1_3891_03_28_15.jpg,22
1069,./resources/mobilenet_mask/image_BS1_9301_03_39_52.jpg,6
1070,./resources/mobilenet_mask/image_BS1_610_03_21_16.jpg,20
1071,./resources/mobilenet_mask/image_BS1_3367_03_27_09.jpg,39
1072,./resources/mobilenet_mask/image_BS1_1264_03_22_40.jpg,7
1073,./resources/mobilenet_mask/image_BS1_265_03_20_32.jpg,59
1075,./resources/mobilenet_mask/image_BS1_5339_03_31_21.jpg,7
1076,./resources/mobilenet_mask/image_BS1_6849_03_34_34.jpg,11
1077,./resources/mobilenet_mask/image_BS1_3886_03_28_15.jpg,19
1078,./resources/mobilenet_mask/image_BS1_2274_03_24_49.jpg,42
1079,./resources/mobilenet_mask/image_BS1_641_03_21_20.jpg,34
1080,./resources/mobilenet_mask/image_BS1_624_03_21_18.jpg,26
1081,./resources/mobilenet_mask/image_BS1_2256_03_24_47.jpg,55
1082,./resources/mobilenet_mask/image_BS1_2296_03_24_52.jpg,17
1083,./resources/mobilenet_mask/image_BS1_4643_03_29_52.jpg,11
1084,./resources/mobilenet_mask/image_BS1_7017_03_34_56.jpg,20
1085,./resources/mobilenet_mask/image_BS1_7404_03_35_46.jpg,55
1086,./resources/mobilenet_mask/image_BS1_6510_03_33_51.jpg,33
1087,./resources/mobilenet_mask/image_BS1_7009_03_34_55.jpg,11
1089,./resources/mobilenet_mask/image_BS1_5941_03_32_38.jpg,47
1090,./resources/mobilenet_mask/image_BS1_1262_03_22_40.jpg,6
1092,./resources/mobilenet_mask/image_BS1_5126_03_30_54.jpg,33
1093,./resources/mobilenet_mask/image_BS1_4631_03_29_50.jpg,20
1094,./resources/mobilenet_mask/image_BS1_3621_03_27_41.jpg,48
1095,./resources/mobilenet_mask/image_BS1_6294_03_33_23.jpg,3
1097,./resources/mobilenet_mask/image_BS1_348_03_20_42.jpg,13
1098,./resources/mobilenet_mask/image_BS1_9872_03_41_06.jpg,47
1099,./resources/mobilenet_mask/image_BS1_3371_03_27_09.jpg,43
1100,./resources/mobilenet_mask/image_BS1_5162_03_30_58.jpg,6
1101,./resources/mobilenet_mask/image_BS1_315_03_20_38.jpg,34
1102,./resources/mobilenet_mask/image_BS1_6272_03_33_20.jpg,20
1103,./resources/mobilenet_mask/image_BS1_9497_03_40_17.jpg,23
1104,./resources/mobilenet_mask/image_BS1_5109_03_30_51.jpg,49
1105,./resources/mobilenet_mask/image_BS1_573_03_21_11.jpg,3
1106,./resources/mobilenet_mask/image_BS1_4100_03_28_42.jpg,38
1107,./resources/mobilenet_mask/image_BS1_6280_03_33_21.jpg,13
1108,./resources/mobilenet_mask/image_BS1_5107_03_30_51.jpg,48
1110,./resources/mobilenet_mask/image_BS1_2584_03_25_28.jpg,34
1111,./resources/mobilenet_mask/image_BS1_7437_03_35_50.jpg,19
1112,./resources/mobilenet_mask/image_BS1_9850_03_41_03.jpg,55
1113,./resources/mobilenet_mask/image_BS1_6860_03_34_36.jpg,4
1114,./resources/mobilenet_mask/image_BS1_1038_03_22_11.jpg,26
1115,./resources/mobilenet_mask/image_BS1_2045_03_24_20.jpg,48
1116,./resources/mobilenet_mask/image_BS1_8595_03_38_19.jpg,20
1117,./resources/mobilenet_mask/image_BS1_2839_03_26_01.jpg,37
1118,./resources/mobilenet_mask/image_BS1_292_03_20_35.jpg,45
1120,./resources/mobilenet_mask/image_BS1_3928_03_28_20.jpg,57
1121,./resources/mobilenet_mask/image_BS1_5914_03_32_35.jpg,21
1122,./resources/mobilenet_mask/image_BS1_674_03_21_24.jpg,55
1123,./resources/mobilenet_mask/image_BS1_5938_03_32_38.jpg,44
1124,./resources/mobilenet_mask/image_BS1_1261_03_22_40.jpg,6
1125,./resources/mobilenet_mask/image_BS1_2555_03_25_25.jpg,23
1126,./resources/mobilenet_mask/image_BS1_4371_03_29_17.jpg,55
1127,./resources/mobilenet_mask/image_BS1_6479_03_33_47.jpg,11
1128,./resources/mobilenet_mask/image_BS1_1276_03_22_42.jpg,17
1129,./resources/mobilenet_mask/image_BS1_607_03_21_15.jpg,19
1130,./resources/mobilenet_mask/image_BS1_6241_03_33_16.jpg,47
1131,./resources/mobilenet_mask/image_BS1_4578_03_29_43.jpg,57
1132,./resources/mobilenet_mask/image_BS1_8071_03_37_11.jpg,48
1133,./resources/mobilenet_mask/image_BS1_4077_03_28_39.jpg,55
1134,./resources/mobilenet_mask/image_BS1_4357_03_29_15.jpg,44
1135,./resources/mobilenet_mask/image_BS1_615_03_21_16.jpg,22
1136,./resources/mobilenet_mask/image_BS1_6550_03_33_56.jpg,55
1137,./resources/mobilenet_mask/image_BS1_5134_03_30_55.jpg,27
1138,./resources/mobilenet_mask/image_BS1_8122_03_37_18.jpg,7
1139,./resources/mobilenet_mask/image_BS1_6483_03_33_48.jpg,13
1140,./resources/mobilenet_mask/image_BS1_8584_03_38_18.jpg,11
1141,./resources/mobilenet_mask/image_BS1_6249_03_33_17.jpg,39
1142,./resources/mobilenet_mask/image_BS1_9491_03_40_16.jpg,18
1143,./resources/mobilenet_mask/image_BS1_5155_03_30_57.jpg,11
1144,./resources/mobilenet_mask/image_BS1_9483_03_40_15.jpg,14
1146,./resources/mobilenet_mask/image_BS1_6538_03_33_55.jpg,48
1147,./resources/mobilenet_mask/image_BS1_8625_03_38_23.jpg,46
1148,./resources/mobilenet_mask/image_BS1_3915_03_28_18.jpg,45
1149,./resources/mobilenet_mask/image_BS1_9893_03_41_08.jpg,30
1150,./resources/mobilenet_mask/image_BS1_1281_03_22_42.jpg,22
1151,./resources/mobilenet_mask/image_BS1_8099_03_37_15.jpg,27
1152,./resources/mobilenet_mask/image_BS1_9904_03_41_10.jpg,20
1154,./resources/mobilenet_mask/image_BS1_5115_03_30_52.jpg,42
1155,./resources/mobilenet_mask/image_BS1_5158_03_30_58.jpg,7
1156,./resources/mobilenet_mask/image_BS1_996_03_22_05.jpg,51
1158,./resources/mobilenet_mask/image_BS1_3913_03_28_18.jpg,44
1159,./resources/mobilenet_mask/image_BS1_7862_03_36_44.jpg,54
1160,./resources/mobilenet_mask/image_BS1_1065_03_22_14.jpg,5
1161,./resources/mobilenet_mask/image_BS1_9870_03_41_05.jpg,51
1162,./resources/mobilenet_mask/image_BS1_6541_03_33_55.jpg,51
1163,./resources/mobilenet_mask/image_BS1_4079_03_28_39.jpg,55
1164,./resources/mobilenet_mask/image_BS1_2829_03_26_00.jpg,45
1166,./resources/mobilenet_mask/image_BS1_1305_03_22_45.jpg,49
1167,./resources/mobilenet_mask/image_BS1_2561_03_25_26.jpg,26
1168,./resources/mobilenet_mask/image_BS1_6519_03_33_52.jpg,39
1169,./resources/mobilenet_mask/image_BS1_3611_03_27_40.jpg,53
1170,./resources/mobilenet_mask/image_BS1_4093_03_28_41.jpg,43
1171,./resources/mobilenet_mask/image_BS1_4840_03_30_17.jpg,31
1172,./resources/mobilenet_mask/image_BS1_3599_03_27_38.jpg,59
1173,./resources/mobilenet_mask/image_BS1_3372_03_27_09.jpg,44
1174,./resources/mobilenet_mask/image_BS1_4337_03_29_12.jpg,23
1177,./resources/mobilenet_mask/image_BS1_5383_03_31_26.jpg,49
1178,./resources/mobilenet_mask/image_BS1_7819_03_36_39.jpg,11
1179,./resources/mobilenet_mask/image_BS1_5904_03_32_33.jpg,13
1180,./resources/mobilenet_mask/image_BS1_586_03_21_13.jpg,11
1182,./resources/mobilenet_mask/image_BS1_6820_03_34_31.jpg,44
1184,./resources/mobilenet_mask/image_BS1_1290_03_22_43.jpg,31
1185,./resources/mobilenet_mask/image_BS1_8062_03_37_10.jpg,54
1186,./resources/mobilenet_mask/image_BS1_2853_03_26_03.jpg,28
1187,./resources/mobilenet_mask/image_BS1_8107_03_37_16.jpg,20
1189,./resources/mobilenet_mask/image_BS1_4096_03_28_42.jpg,42
1190,./resources/mobilenet_mask/image_BS1_7818_03_36_39.jpg,11
1191,./resources/mobilenet_mask/image_BS1_600_03_21_14.jpg,16
1192,./resources/mobilenet_mask/image_BS1_7813_03_36_38.jpg,5
1193,./resources/mobilenet_mask/image_BS1_6839_03_34_33.jpg,23
1194,./resources/mobilenet_mask/image_BS1_5333_03_31_20.jpg,3
1195,./resources/mobilenet_mask/image_BS1_8601_03_38_20.jpg,26
1196,./resources/mobilenet_mask/image_BS1_5376_03_31_26.jpg,42
1197,./resources/mobilenet_mask/image_BS1_6480_03_33_47.jpg,11
1200,./resources/mobilenet_mask/image_BS1_4629_03_29_50.jpg,21
1201,./resources/mobilenet_mask/image_BS1_4838_03_30_17.jpg,29
1202,./resources/mobilenet_mask/image_BS1_3661_03_27_46.jpg,11
1203,./resources/mobilenet_mask/image_BS1_270_03_20_32.jpg,55
1204,./resources/mobilenet_mask/image_BS1_5892_03_32_32.jpg,4
1206,./resources/mobilenet_mask/image_BS1_3347_03_27_06.jpg,23
1208,./resources/mobilenet_mask/image_BS1_9530_03_40_21.jpg,49
1209,./resources/mobilenet_mask/image_BS1_589_03_21_13.jpg,11
1210,./resources/mobilenet_mask/image_BS1_3632_03_27_42.jpg,39
1211,./resources/mobilenet_mask/image_BS1_1258_03_22_39.jpg,4
1212,./resources/mobilenet_mask/image_BS1_8631_03_38_24.jpg,53
1213,./resources/mobilenet_mask/image_BS1_7014_03_34_56.jpg,17
1214,./resources/mobilenet_mask/image_BS1_9856_03_41_03.jpg,55
1215,./resources/mobilenet_mask/image_BS1_274_03_20_33.jpg,55
1216,./resources/mobilenet_mask/image_BS1_6837_03_34_33.jpg,27
1217,./resources/mobilenet_mask/image_BS1_675_03_21_24.jpg,55
1218,./resources/mobilenet_mask/image_BS1_5149_03_30_56.jpg,17
1220,./resources/mobilenet_mask/image_BS1_4654_03_29_53.jpg,2
1221,./resources/mobilenet_mask/image_BS1_8090_03_37_14.jpg,35
1222,./resources/mobilenet_mask/image_BS1_7825_03_36_40.jpg,16
1223,./resources/mobilenet_mask/image_BS1_3653_03_27_45.jpg,20
1224,./resources/mobilenet_mask/image_BS1_2511_03_25_19.jpg,4
1225,./resources/mobilenet_mask/image_BS1_2592_03_25_29.jpg,39
1226,./resources/mobilenet_mask/image_BS1_655_03_21_21.jpg,43
1227,./resources/mobilenet_mask/image_BS1_1041_03_22_11.jpg,22
1228,./resources/mobilenet_mask/image_BS1_3927_03_28_20.jpg,55
1229,./resources/mobilenet_mask/image_BS1_6513_03_33_51.jpg,33
1231,./resources/mobilenet_mask/image_BS1_4591_03_29_45.jpg,52
1232,./resources/mobilenet_mask/image_BS1_2544_03_25_23.jpg,19
1233,./resources/mobilenet_mask/image_BS1_616_03_21_16.jpg,22
1234,./resources/mobilenet_mask/image_BS1_2036_03_24_19.jpg,39
1235,./resources/mobilenet_mask/image_BS1_3899_03_28_16.jpg,29
1236,./resources/mobilenet_mask/image_BS1_2283_03_24_50.jpg,31
1238,./resources/mobilenet_mask/image_BS1_2548_03_25_24.jpg,20
1239,./resources/mobilenet_mask/image_BS1_4808_03_30_13.jpg,16
1240,./resources/mobilenet_mask/image_BS1_2007_03_24_15.jpg,2
1241,./resources/mobilenet_mask/image_BS1_2573_03_25_27.jpg,31
1243,./resources/mobilenet_mask/image_BS1_5164_03_30_58.jpg,6
1244,./resources/mobilenet_mask/image_BS1_9269_03_39_48.jpg,52
1245,./resources/mobilenet_mask/image_BS1_3607_03_27_39.jpg,55
1246,./resources/mobilenet_mask/image_BS1_9528_03_40_21.jpg,48
1248,./resources/mobilenet_mask/image_BS1_9504_03_40_18.jpg,29
1249,./resources/mobilenet_mask/image_BS1_2834_03_26_00.jpg,42
1250,./resources/mobilenet_mask/image_BS1_8066_03_37_11.jpg,52
1251,./resources/mobilenet_mask/image_BS1_602_03_21_15.jpg,17
1252,./resources/mobilenet_mask/image_BS1_8082_03_37_13.jpg,41
1253,./resources/mobilenet_mask/image_BS1_6227_03_33_15.jpg,55
1254,./resources/mobilenet_mask/image_BS1_2038_03_24_19.jpg,43
1255,./resources/mobilenet_mask/image_BS1_3394_03_27_12.jpg,57
1257,./resources/mobilenet_mask/image_BS1_1048_03_22_12.jpg,17
1258,./resources/mobilenet_mask/image_BS1_2018_03_24_16.jpg,14
1259,./resources/mobilenet_mask/image_BS1_350_03_20_42.jpg,11
1260,./resources/mobilenet_mask/image_BS1_6826_03_34_31.jpg,39
1261,./resources/mobilenet_mask/image_BS1_9890_03_41_08.jpg,33
1262,./resources/mobilenet_mask/image_BS1_591_03_21_13.jpg,11
1263,./resources/mobilenet_mask/image_BS1_5108_03_30_51.jpg,48
1264,./resources/mobilenet_mask/image_BS1_5345_03_31_22.jpg,11
1265,./resources/mobilenet_mask/image_BS1_6846_03_34_34.jpg,17
1266,./resources/mobilenet_mask/image_BS1_8060_03_37_10.jpg,55
1268,./resources/mobilenet_mask/image_BS1_3317_03_27_02.jpg,3
1269,./resources/mobilenet_mask/image_BS1_9490_03_40_16.jpg,17
1270,./resources/mobilenet_mask/image_BS1_1022_03_22_09.jpg,37
1271,./resources/mobilenet_mask/image_BS1_5929_03_32_36.jpg,34
1272,./resources/mobilenet_mask/image_BS1_7005_03_34_54.jpg,4
1273,./resources/mobilenet_mask/image_BS1_3894_03_28_16.jpg,26
1274,./resources/mobilenet_mask/image_BS1_7853_03_36_43.jpg,46
1275,./resources/mobilenet_mask/image_BS1_6813_03_34_30.jpg,51
1276,./resources/mobilenet_mask/image_BS1_5127_03_30_54.jpg,33
1277,./resources/mobilenet_mask/image_BS1_1310_03_22_46.jpg,52
1278,./resources/mobilenet_mask/image_BS1_1268_03_22_41.jpg,11
1279,./resources/mobilenet_mask/image_BS1_5940_03_32_38.jpg,44
1280,./resources/mobilenet_mask/image_BS1_9486_03_40_16.jpg,17
1281,./resources/mobilenet_mask/image_BS1_4589_03_29_45.jpg,52
1282,./resources/mobilenet_mask/image_BS1_3887_03_28_15.jpg,20
1283,./resources/mobilenet_mask/image_BS1_3369_03_27_09.jpg,42
1284,./resources/mobilenet_mask/image_BS1_5894_03_32_32.jpg,7
1285,./resources/mobilenet_mask/image_BS1_1263_03_22_40.jpg,7
1286,./resources/mobilenet_mask/image_BS1_8100_03_37_15.jpg,26
1287,./resources/mobilenet_mask/image_BS1_9885_03_41_07.jpg,39
1288,./resources/mobilenet_mask/image_BS1_272_03_20_32.jpg,55
1289,./resources/mobilenet_mask/image_BS1_3873_03_28_13.jpg,9
1290,./resources/mobilenet_mask/image_BS1_631_03_21_18.jpg,29
1291,./resources/mobilenet_mask/image_BS1_1013_03_22_08.jpg,44
1292,./resources/mobilenet_mask/image_BS1_6263_03_33_19.jpg,27
1293,./resources/mobilenet_mask/image_BS1_7422_03_35_48.jpg,38
1294,./resources/mobilenet_mask/image_BS1_3877_03_28_13.jpg,13
1295,./resources/mobilenet_mask/image_BS1_1011_03_22_07.jpg,45
1296,./resources/mobilenet_mask/image_BS1_3633_03_27_43.jpg,39
1297,./resources/mobilenet_mask/image_BS1_598_03_21_14.jpg,14
1299,./resources/mobilenet_mask/image_BS1_8096_03_37_14.jpg,29
1300,./resources/mobilenet_mask/image_BS1_6290_03_33_23.jpg,6
1301,./resources/mobilenet_mask/image_BS1_9847_03_41_02.jpg,57
1302,./resources/mobilenet_mask/image_BS1_2553_03_25_24.jpg,22
1303,./resources/mobilenet_mask/image_BS1_599_03_21_14.jpg,14
1304,./resources/mobilenet_mask/image_BS1_572_03_21_11.jpg,4
1305,./resources/mobilenet_mask/image_BS1_2526_03_25_21.jpg,10
1306,./resources/mobilenet_mask/image_BS1_684_03_21_25.jpg,59
1309,./resources/mobilenet_mask/image_BS1_7846_03_36_42.jpg,39
1310,./resources/mobilenet_mask/image_BS1_1260_03_22_40.jpg,4
1311,./resources/mobilenet_mask/image_BS1_6500_03_33_50.jpg,26
1312,./resources/mobilenet_mask/image_BS1_5359_03_31_23.jpg,26
1314,./resources/mobilenet_mask/image_BS1_3635_03_27_43.jpg,37
1315,./resources/mobilenet_mask/image_BS1_653_03_21_21.jpg,42
1317,./resources/mobilenet_mask/image_BS1_3923_03_28_19.jpg,52
1318,./resources/mobilenet_mask/image_BS1_2311_03_24_54.jpg,4
1320,./resources/mobilenet_mask/image_BS1_5945_03_32_38.jpg,49
1321,./resources/mobilenet_mask/image_BS1_2814_03_25_58.jpg,55
1322,./resources/mobilenet_mask/image_BS1_262_03_20_31.jpg,59
1323,./resources/mobilenet_mask/image_BS1_5926_03_32_36.jpg,32
1324,./resources/mobilenet_mask/image_BS1_2272_03_24_49.jpg,42
1325,./resources/mobilenet_mask/image_BS1_264_03_20_31.jpg,57
1326,./resources/mobilenet_mask/image_BS1_8074_03_37_12.jpg,46
1327,./resources/mobilenet_mask/image_BS1_7025_03_34_57.jpg,32
1328,./resources/mobilenet_mask/image_BS1_2542_03_25_23.jpg,17
1330,./resources/mobilenet_mask/image_BS1_4348_03_29_14.jpg,37
1331,./resources/mobilenet_mask/image_BS1_2537_03_25_23.jpg,17
1332,./resources/mobilenet_mask/image_BS1_995_03_22_05.jpg,54
1333,./resources/mobilenet_mask/image_BS1_3874_03_28_13.jpg,11
1334,./resources/mobilenet_mask/image_BS1_5905_03_32_33.jpg,14
1335,./resources/mobilenet_mask/image_BS1_4632_03_29_50.jpg,19
1336,./resources/mobilenet_mask/image_BS1_6233_03_33_15.jpg,54
1337,./resources/mobilenet_mask/image_BS1_5364_03_31_24.jpg,29
1338,./resources/mobilenet_mask/image_BS1_3631_03_27_42.jpg,39
1340,./resources/mobilenet_mask/image_BS1_9266_03_39_47.jpg,55
1341,./resources/mobilenet_mask/image_BS1_1029_03_22_10.jpg,32
1342,./resources/mobilenet_mask/image_BS1_2830_03_26_00.jpg,45
1343,./resources/mobilenet_mask/image_BS1_7807_03_36_37.jpg,2
1344,./resources/mobilenet_mask/image_BS1_6258_03_33_19.jpg,33
1345,./resources/mobilenet_mask/image_BS1_1067_03_22_15.jpg,3
1346,./resources/mobilenet_mask/image_BS1_5136_03_30_55.jpg,26
1347,./resources/mobilenet_mask/image_BS1_6247_03_33_17.jpg,43
1349,./resources/mobilenet_mask/image_BS1_8067_03_37_11.jpg,51
1350,./resources/mobilenet_mask/image_BS1_2041_03_24_19.jpg,45
1351,./resources/mobilenet_mask/image_BS1_2589_03_25_29.jpg,38
1352,./resources/mobilenet_mask/image_BS1_9905_03_41_10.jpg,17
1354,./resources/mobilenet_mask/image_BS1_5954_03_32_40.jpg,55
1355,./resources/mobilenet_mask/image_BS1_5150_03_30_57.jpg,14
1358,./resources/mobilenet_mask/image_BS1_4641_03_29_52.jpg,14
1360,./resources/mobilenet_mask/image_BS1_5896_03_32_32.jpg,6
1361,./resources/mobilenet_mask/image_BS1_327_03_20_39.jpg,27
1362,./resources/mobilenet_mask/image_BS1_284_03_20_34.jpg,49
1363,./resources/mobilenet_mask/image_BS1_4842_03_30_17.jpg,32
1364,./resources/mobilenet_mask/image_BS1_604_03_21_15.jpg,17
1365,./resources/mobilenet_mask/image_BS1_2531_03_25_22.jpg,13
1367,./resources/mobilenet_mask/image_BS1_5888_03_32_31.jpg,3
1368,./resources/mobilenet_mask/image_BS1_347_03_20_42.jpg,13
1370,./resources/mobilenet_mask/image_BS1_8607_03_38_21.jpg,30
1371,./resources/mobilenet_mask/image_BS1_9510_03_40_19.jpg,34
1372,./resources/mobilenet_mask/image_BS1_6845_03_34_34.jpg,17
1373,./resources/mobilenet_mask/image_BS1_8061_03_37_10.jpg,53
1374,./resources/mobilenet_mask/image_BS1_2290_03_24_51.jpg,23
1375,./resources/mobilenet_mask/image_BS1_8611_03_38_21.jpg,36
1376,./resources/mobilenet_mask/image_BS1_9523_03_40_20.jpg,44
1377,./resources/mobilenet_mask/image_BS1_7023_03_34_57.jpg,29
1378,./resources/mobilenet_mask/image_BS1_9917_03_41_11.jpg,11
1379,./resources/mobilenet_mask/image_BS1_9891_03_41_08.jpg,33
1380,./resources/mobilenet_mask/image_BS1_1297_03_22_44.jpg,39
1381,./resources/mobilenet_mask/image_BS1_3342_03_27_06.jpg,21
1382,./resources/mobilenet_mask/image_BS1_5931_03_32_37.jpg,37
1383,./resources/mobilenet_mask/image_BS1_4310_03_29_09.jpg,2
1384,./resources/mobilenet_mask/image_BS1_4314_03_29_09.jpg,4
1385,./resources/mobilenet_mask/image_BS1_6270_03_33_20.jpg,21
1386,./resources/mobilenet_mask/image_BS1_5128_03_30_54.jpg,31
1387,./resources/mobilenet_mask/image_BS1_6861_03_34_36.jpg,3
1388,./resources/mobilenet_mask/image_BS1_5348_03_31_22.jpg,14
1389,./resources/mobilenet_mask/image_BS1_2835_03_26_01.jpg,39
1390,./resources/mobilenet_mask/image_BS1_1299_03_22_44.jpg,39
1391,./resources/mobilenet_mask/image_BS1_4846_03_30_18.jpg,33
1392,./resources/mobilenet_mask/image_BS1_339_03_20_41.jpg,20
1393,./resources/mobilenet_mask/image_BS1_288_03_20_34.jpg,47
1394,./resources/mobilenet_mask/image_BS1_7812_03_36_38.jpg,6
1395,./resources/mobilenet_mask/image_BS1_2520_03_25_20.jpg,7
1396,./resources/mobilenet_mask/image_BS1_3318_03_27_02.jpg,3
1397,./resources/mobilenet_mask/image_BS1_316_03_20_38.jpg,34
1398,./resources/mobilenet_mask/image_BS1_2807_03_25_57.jpg,58
1399,./resources/mobilenet_mask/image_BS1_1055_03_22_13.jpg,11
1400,./resources/mobilenet_mask/image_BS1_2889_03_26_07.jpg,2
1401,./resources/mobilenet_mask/image_BS1_6269_03_33_20.jpg,21
1403,./resources/mobilenet_mask/image_BS1_267_03_20_32.jpg,57
1404,./resources/mobilenet_mask/image_BS1_4888_03_30_23.jpg,51
1405,./resources/mobilenet_mask/image_BS1_3398_03_27_13.jpg,58
1406,./resources/mobilenet_mask/image_BS1_4334_03_29_12.jpg,22
1407,./resources/mobilenet_mask/image_BS1_1271_03_22_41.jpg,13
1408,./resources/mobilenet_mask/image_BS1_308_03_20_37.jpg,37
1409,./resources/mobilenet_mask/image_BS1_7869_03_36_45.jpg,59
1411,./resources/mobilenet_mask/image_BS1_1284_03_22_43.jpg,26
1412,./resources/mobilenet_mask/image_BS1_4364_03_29_16.jpg,49
1413,./resources/mobilenet_mask/image_BS1_990_03_22_05.jpg,57
1414,./resources/mobilenet_mask/image_BS1_673_03_21_24.jpg,55
1415,./resources/mobilenet_mask/image_BS1_4616_03_29_48.jpg,32
1416,./resources/mobilenet_mask/image_BS1_6486_03_33_48.jpg,17
1417,./resources/mobilenet_mask/image_BS1_5911_03_32_34.jpg,17
1418,./resources/mobilenet_mask/image_BS1_3388_03_27_11.jpg,53
1420,./resources/mobilenet_mask/image_BS1_9308_03_39_53.jpg,11
1421,./resources/mobilenet_mask/image_BS1_5891_03_32_32.jpg,3
1422,./resources/mobilenet_mask/image_BS1_9284_03_39_49.jpg,34
1423,./resources/mobilenet_mask/image_BS1_1280_03_22_42.jpg,22
1424,./resources/mobilenet_mask/image_BS1_2518_03_25_20.jpg,7
1425,./resources/mobilenet_mask/image_BS1_984_03_22_04.jpg,59
1426,./resources/mobilenet_mask/image_BS1_2813_03_25_58.jpg,55
1427,./resources/mobilenet_mask/image_BS1_9306_03_39_52.jpg,11
1428,./resources/mobilenet_mask/image_BS1_2528_03_25_21.jpg,11
1429,./resources/mobilenet_mask/image_BS1_8073_03_37_11.jpg,48
1431,./resources/mobilenet_mask/image_BS1_6257_03_33_19.jpg,33
1432,./resources/mobilenet_mask/image_BS1_5380_03_31_26.jpg,46
1433,./resources/mobilenet_mask/image_BS1_4359_03_29_15.jpg,45
1435,./resources/mobilenet_mask/image_BS1_321_03_20_39.jpg,30
1436,./resources/mobilenet_mask/image_BS1_6501_03_33_50.jpg,27
1437,./resources/mobilenet_mask/image_BS1_354_03_20_43.jpg,8
1438,./resources/mobilenet_mask/image_BS1_2836_03_26_01.jpg,39
1440,./resources/mobilenet_mask/image_BS1_8629_03_38_24.jpg,49
1441,./resources/mobilenet_mask/image_BS1_1033_03_22_10.jpg,29
1443,./resources/mobilenet_mask/image_BS1_1294_03_22_44.jpg,34
1444,./resources/mobilenet_mask/image_BS1_5900_03_32_33.jpg,11
1445,./resources/mobilenet_mask/image_BS1_5351_03_31_22.jpg,17
1446,./resources/mobilenet_mask/image_BS1_5952_03_32_39.jpg,55
1447,./resources/mobilenet_mask/image_BS1_3636_03_27_43.jpg,34
1448,./resources/mobilenet_mask/image_BS1_4812_03_30_13.jpg,17
1449,./resources/mobilenet_mask/image_BS1_7029_03_34_58.jpg,39
1450,./resources/mobilenet_mask/image_BS1_570_03_21_11.jpg,4
1451,./resources/mobilenet_mask/image_BS1_303_03_20_36.jpg,39
1452,./resources/mobilenet_mask/image_BS1_585_03_21_13.jpg,9
1453,./resources/mobilenet_mask/image_BS1_664_03_21_23.jpg,49
1454,./resources/mobilenet_mask/image_BS1_313_03_20_38.jpg,34
1455,./resources/mobilenet_mask/image_BS1_2540_03_25_23.jpg,17
1456,./resources/mobilenet_mask/image_BS1_330_03_20_40.jpg,26
1457,./resources/mobilenet_mask/image_BS1_5909_03_32_34.jpg,17
1458,./resources/mobilenet_mask/image_BS1_8124_03_37_18.jpg,6
1459,./resources/mobilenet_mask/image_BS1_6471_03_33_46.jpg,4
1460,./resources/mobilenet_mask/image_BS1_5378_03_31_26.jpg,45
1461,./resources/mobilenet_mask/image_BS1_643_03_21_20.jpg,37
1462,./resources/mobilenet_mask/image_BS1_597_03_21_14.jpg,14
1463,./resources/mobilenet_mask/image_BS1_3875_03_28_13.jpg,11
1464,./resources/mobilenet_mask/image_BS1_3391_03_27_12.jpg,55
1465,./resources/mobilenet_mask/image_BS1_592_03_21_13.jpg,10
1466,./resources/mobilenet_mask/image_BS1_342_03_20_41.jpg,17
1468,./resources/mobilenet_mask/image_BS1_8114_03_37_17.jpg,14
1469,./resources/mobilenet_mask/image_BS1_2536_03_25_22.jpg,16
1471,./resources/mobilenet_mask/image_BS1_9883_03_41_07.jpg,39
1472,./resources/mobilenet_mask/image_BS1_4094_03_28_41.jpg,43
1473,./resources/mobilenet_mask/image_BS1_625_03_21_18.jpg,26
1474,./resources/mobilenet_mask/image_BS1_1001_03_22_06.jpg,52
1475,./resources/mobilenet_mask/image_BS1_5124_03_30_53.jpg,34
1476,./resources/mobilenet_mask/image_BS1_2251_03_24_46.jpg,59
1477,./resources/mobilenet_mask/image_BS1_5925_03_32_36.jpg,31
1478,./resources/mobilenet_mask/image_BS1_3647_03_27_44.jpg,26
1479,./resources/mobilenet_mask/image_BS1_5152_03_30_57.jpg,13
1480,./resources/mobilenet_mask/image_BS1_6261_03_33_19.jpg,28
1481,./resources/mobilenet_mask/image_BS1_359_03_20_44.jpg,6
1482,./resources/mobilenet_mask/image_BS1_8616_03_38_22.jpg,39
1483,./resources/mobilenet_mask/image_BS1_3400_03_27_13.jpg,59
1484,./resources/mobilenet_mask/image_BS1_3330_03_27_04.jpg,11
1486,./resources/mobilenet_mask/image_BS1_9913_03_41_11.jpg,14
1488,./resources/mobilenet_mask/image_BS1_2051_03_24_21.jpg,55
1489,./resources/mobilenet_mask/image_BS1_336_03_20_41.jpg,21
1490,./resources/mobilenet_mask/image_BS1_2572_03_25_27.jpg,29
1491,./resources/mobilenet_mask/image_BS1_6248_03_33_17.jpg,42
1492,./resources/mobilenet_mask/image_BS1_7844_03_36_42.jpg,36
1493,./resources/mobilenet_mask/image_BS1_4837_03_30_17.jpg,29
1494,./resources/mobilenet_mask/image_BS1_3895_03_28_16.jpg,26
1495,./resources/mobilenet_mask/image_BS1_5119_03_30_53.jpg,39
1496,./resources/mobilenet_mask/image_BS1_9315_03_39_53.jpg,3
1497,./resources/mobilenet_mask/image_BS1_9287_03_39_50.jpg,31
1498,./resources/mobilenet_mask/image_BS1_8628_03_38_24.jpg,51
1499,./resources/mobilenet_mask/image_BS1_3355_03_27_07.jpg,32
1502,./resources/mobilenet_mask/image_BS1_987_03_22_04.jpg,59
1503,./resources/mobilenet_mask/image_BS1_8070_03_37_11.jpg,48
1504,./resources/mobilenet_mask/image_BS1_1020_03_22_09.jpg,38
1505,./resources/mobilenet_mask/image_BS1_5122_03_30_53.jpg,38
1507,./resources/mobilenet_mask/image_BS1_577_03_21_11.jpg,6
1508,./resources/mobilenet_mask/image_BS1_2054_03_24_21.jpg,57
1509,./resources/mobilenet_mask/image_BS1_2844_03_26_02.jpg,33
1510,./resources/mobilenet_mask/image_BS1_1002_03_22_06.jpg,49
1511,./resources/mobilenet_mask/image_BS1_7831_03_36_41.jpg,22
1513,./resources/mobilenet_mask/image_BS1_356_03_20_43.jpg,7
1514,./resources/mobilenet_mask/image_BS1_6292_03_33_23.jpg,6
1515,./resources/mobilenet_mask/image_BS1_294_03_20_35.jpg,45
1516,./resources/mobilenet_mask/image_BS1_7843_03_36_42.jpg,37
1517,./resources/mobilenet_mask/image_BS1_9285_03_39_50.jpg,34
1518,./resources/mobilenet_mask/image_BS1_2253_03_24_46.jpg,57
1519,./resources/mobilenet_mask/image_BS1_5907_03_32_34.jpg,14
1521,./resources/mobilenet_mask/image_BS1_9290_03_39_50.jpg,28
1522,./resources/mobilenet_mask/image_BS1_8085_03_37_13.jpg,39
1526,./resources/mobilenet_mask/image_BS1_4579_03_29_44.jpg,55
1527,./resources/mobilenet_mask/image_BS1_6278_03_33_21.jpg,14
1528,./resources/mobilenet_mask/image_BS1_344_03_20_42.jpg,17
1529,./resources/mobilenet_mask/image_BS1_5919_03_32_35.jpg,26
1530,./resources/mobilenet_mask/image_BS1_6534_03_33_54.jpg,47
1531,./resources/mobilenet_mask/image_BS1_2847_03_26_02.jpg,32
1532,./resources/mobilenet_mask/image_BS1_7828_03_36_40.jpg,20
1533,./resources/mobilenet_mask/image_BS1_4331_03_29_12.jpg,19
1534,./resources/mobilenet_mask/image_BS1_5898_03_32_32.jpg,9
1535,./resources/mobilenet_mask/image_BS1_3363_03_27_08.jpg,38
1536,./resources/mobilenet_mask/image_BS1_7419_03_35_48.jpg,39
1537,./resources/mobilenet_mask/image_BS1_6524_03_33_53.jpg,39
1538,./resources/mobilenet_mask/image_BS1_2512_03_25_19.jpg,3
1539,./resources/mobilenet_mask/image_BS1_8050_03_37_09.jpg,58
1540,./resources/mobilenet_mask/image_BS1_2021_03_24_17.jpg,19
1541,./resources/mobilenet_mask/image_BS1_1320_03_22_47.jpg,60
1542,./resources/mobilenet_mask/image_BS1_9514_03_40_19.jpg,37
1545,./resources/mobilenet_mask/image_BS1_9521_03_40_20.jpg,42
1548,./resources/mobilenet_mask/image_BS1_3613_03_27_40.jpg,51
1549,./resources/mobilenet_mask/image_BS1_4847_03_30_18.jpg,34
1550,./resources/mobilenet_mask/image_BS1_323_03_20_39.jpg,29
1551,./resources/mobilenet_mask/image_BS1_5098_03_30_50.jpg,55
1552,./resources/mobilenet_mask/image_BS1_3641_03_27_44.jpg,30
1553,./resources/mobilenet_mask/image_BS1_9536_03_40_22.jpg,52
1555,./resources/mobilenet_mask/image_BS1_683_03_21_25.jpg,59
1556,./resources/mobilenet_mask/image_BS1_605_03_21_15.jpg,17
1557,./resources/mobilenet_mask/image_BS1_4373_03_29_17.jpg,55
1558,./resources/mobilenet_mask/image_BS1_1308_03_22_46.jpg,50
1559,./resources/mobilenet_mask/image_BS1_7436_03_35_50.jpg,20
1560,./resources/mobilenet_mask/image_BS1_4614_03_29_48.jpg,34
1561,./resources/mobilenet_mask/image_BS1_9529_03_40_21.jpg,47
1562,./resources/mobilenet_mask/image_BS1_8056_03_37_09.jpg,55
1563,./resources/mobilenet_mask/image_BS1_4881_03_30_22.jpg,46
1565,./resources/mobilenet_mask/image_BS1_8618_03_38_22.jpg,42
1566,./resources/mobilenet_mask/image_BS1_6509_03_33_51.jpg,32
1567,./resources/mobilenet_mask/image_BS1_269_03_20_32.jpg,55
1568,./resources/mobilenet_mask/image_BS1_2254_03_24_46.jpg,57
1570,./resources/mobilenet_mask/image_BS1_1008_03_22_07.jpg,46
1571,./resources/mobilenet_mask/image_BS1_3673_03_27_48.jpg,4
1572,./resources/mobilenet_mask/image_BS1_2006_03_24_15.jpg,2
1573,./resources/mobilenet_mask/image_BS1_6807_03_34_29.jpg,55
1574,./resources/mobilenet_mask/image_BS1_9532_03_40_22.jpg,51
1575,./resources/mobilenet_mask/image_BS1_3885_03_28_15.jpg,17
1576,./resources/mobilenet_mask/image_BS1_3901_03_28_17.jpg,31
1577,./resources/mobilenet_mask/image_BS1_3344_03_27_06.jpg,22
1578,./resources/mobilenet_mask/image_BS1_6847_03_34_34.jpg,14
1579,./resources/mobilenet_mask/image_BS1_2265_03_24_48.jpg,49
1580,./resources/mobilenet_mask/image_BS1_6508_03_33_51.jpg,32
1581,./resources/mobilenet_mask/image_BS1_4830_03_30_16.jpg,27
1582,./resources/mobilenet_mask/image_BS1_4640_03_29_51.jpg,13
1584,./resources/mobilenet_mask/image_BS1_2309_03_24_53.jpg,5
1585,./resources/mobilenet_mask/image_BS1_3332_03_27_04.jpg,13
1586,./resources/mobilenet_mask/image_BS1_301_03_20_36.jpg,42
1587,./resources/mobilenet_mask/image_BS1_3657_03_27_46.jpg,16
1588,./resources/mobilenet_mask/image_BS1_3324_03_27_03.jpg,7
1589,./resources/mobilenet_mask/image_BS1_2534_03_25_22.jpg,14
1590,./resources/mobilenet_mask/image_BS1_4807_03_30_13.jpg,14
1591,./resources/mobilenet_mask/image_BS1_5132_03_30_54.jpg,29
1594,./resources/mobilenet_mask/image_BS1_7028_03_34_57.jpg,37
1595,./resources/mobilenet_mask/image_BS1_5165_03_30_59.jpg,4
1596,./resources/mobilenet_mask/image_BS1_4617_03_29_48.jpg,32
1597,./resources/mobilenet_mask/image_BS1_4315_03_29_10.jpg,4
1598,./resources/mobilenet_mask/image_BS1_1307_03_22_45.jpg,51
1599,./resources/mobilenet_mask/image_BS1_2837_03_26_01.jpg,39
1600,./resources/mobilenet_mask/image_BS1_5385_03_31_27.jpg,49
1601,./resources/mobilenet_mask/image_BS1_8095_03_37_14.jpg,32
1602,./resources/mobilenet_mask/image_BS1_1292_03_22_44.jpg,34
1603,./resources/mobilenet_mask/image_BS1_4078_03_28_39.jpg,55
1604,./resources/mobilenet_mask/image_BS1_3377_03_27_10.jpg,46
1605,./resources/mobilenet_mask/image_BS1_3328_03_27_04.jpg,11
1606,./resources/mobilenet_mask/image_BS1_5147_03_30_56.jpg,16
1607,./resources/mobilenet_mask/image_BS1_4319_03_29_10.jpg,8
1608,./resources/mobilenet_mask/image_BS1_4081_03_28_40.jpg,54
1609,./resources/mobilenet_mask/image_BS1_8093_03_37_14.jpg,33
1610,./resources/mobilenet_mask/image_BS1_9312_03_39_53.jpg,7
